activityId,startTimeLocal,Activity Type,distance_miles,duration_minutes,elapsedDuration_minutes,maxHR,averageRunningCadenceInStepsPerMinute,maxRunningCadenceInStepsPerMinute,steps,beginTimestamp,avgStrideLength,maxElevation,maxDoubleCadence,lapCount,endLatitude,endLongitude,minActivityLapDuration,fastestSplit_1000,fastestSplit_1609,hrTimeInZone_1,hrTimeInZone_2,hrTimeInZone_3,hrTimeInZone_4,hrTimeInZone_5,endTimeGMT,pr,fastestSplit_5000,Activity Type
20970996643,2025-11-12 12:02:22,treadmill_running,2.000006177318808,25.286433919270834,25.286433919270834,164.0,163.546875,171.0,4132.0,1762974142000,65.03440308070276,,171.0,2,,,576.655029296875,532.2620239257812,867.81201171875,26.0,12.0,278.0,967.0,0.0,2025-11-12 19:27:39,False,,treadmill_running
20963192131,2025-11-11 17:10:56,treadmill_running,2.0700039071238057,27.30598347981771,29.220316569010418,163.0,163.984375,174.0,4470.0,1762906256000,77.4064088907939,,174.0,3,,,114.35299682617188,451.1310119628906,729.9829711914062,112.0,272.0,277.0,964.0,0.0,2025-11-12 00:40:09,False,,treadmill_running
20950595427,2025-11-10 11:52:09,treadmill_running,2.000006177318808,25.581783040364584,25.581783040364584,174.0,162.640625,173.0,4188.0,1762800729000,76.28097834773119,,173.0,2,,,749.0549926757812,466.510986328125,759.2360229492188,46.0,55.0,265.0,495.0,524.0,2025-11-10 19:17:43,False,,treadmill_running
20933342874,2025-11-08 16:45:59,running,1.5388855604723832,19.956083170572917,20.113382975260418,175.0,160.40625,174.0,3258.0,1762645559000,77.38220449279005,1481.1090087890625,174.0,2,40.488934898748994,-111.99199673719704,419.54400634765625,452.35699462890625,758.7860107421875,0.0,0.0,211.0,802.0,184.0,2025-11-09 00:06:05,False,,running
20933247838,2025-11-08 16:38:13,running,0.4204642790896618,5.4672999064127605,6.267100016276042,155.0,156.1875,176.0,894.0,1762645093000,79.24242191080391,1481.6400146484375,176.0,1,40.487787164747715,-111.99015238322318,328.0379943847656,,,17.0,77.0,194.0,30.0,0.0,2025-11-08 23:44:29,False,,running
20922175173,2025-11-07 12:16:15,treadmill_running,2.000006177318808,28.495467122395834,28.495467122395834,173.0,159.0625,171.0,4530.0,1762542975000,83.70327133981723,,171.0,3,,,230.62600708007812,391.1860046386719,652.3660278320312,21.0,67.0,457.0,546.0,395.0,2025-11-07 19:44:44,False,,treadmill_running
20711906516,2025-10-16 17:31:48,running,2.002361204263083,30.15013427734375,30.7183837890625,160.0,132.34375,176.0,4064.0,1760657508000,80.88886451016772,1482.05810546875,176.0,3,40.494004944339395,-111.99572115205228,2.240000009536743,456.34100341796875,751.8319702148438,140.0,257.0,575.0,510.0,0.0,2025-10-17 00:02:31,False,,running
20641819220,2025-10-09 17:06:29,running,2.0036350487136807,30.910567220052084,31.376399739583334,154.0,140.90625,173.0,3790.0,1760051189000,73.98025565638277,1482.558349609375,173.0,3,40.49431214109063,-111.99572274461389,2.756999969482422,513.2349853515625,831.4600219726562,34.0,288.0,1371.0,146.0,0.0,2025-10-09 23:37:51,False,,running
20521691452,2025-09-27 21:32:19,running,6.003063197685076,75.82393391927083,77.3254638671875,174.0,159.71875,171.0,12140.0,1759030339000,79.7740523565409,1482.534912109375,171.0,7,40.486157052218914,-111.98832303285599,206.29600524902344,435.62799072265625,707.489990234375,14.0,155.0,1033.0,2947.0,388.0,2025-09-28 04:49:38,False,2260.4990234375,running
20499787093,2025-09-25 12:17:00,running,4.003106778729945,50.43299967447917,51.3530517578125,180.0,160.5,170.0,8120.0,1758824220000,79.58391194117455,1481.81640625,170.0,5,40.49443728290498,-111.99574093334377,1.6790000200271606,427.97198486328125,710.4349975585938,11.0,111.0,1115.0,619.0,1144.0,2025-09-25 19:08:21,False,2293.6689453125,running
20486409663,2025-09-24 06:17:35,running,4.607186663574043,59.372798665364584,63.94409993489583,169.0,156.75,171.0,9362.0,1758716255000,79.44813866674647,1364.0,171.0,17,40.51784827373922,-111.8680739030242,154.5260009765625,433.9700012207031,728.2839965820312,62.0,335.0,1768.0,1351.0,37.0,2025-09-24 13:21:31,False,2332.544921875,running
20482013169,2025-09-23 18:54:42,running,3.004567162431494,40.225101725260416,40.81533203125,165.0,151.609375,171.0,5674.0,1758675282000,79.26198254033761,1492.0,171.0,4,40.49412639811635,-111.99574043042958,3.1050000190734863,464.2850036621094,761.6799926757812,43.0,280.0,1216.0,847.0,0.0,2025-09-24 01:35:30,False,,running
20449622813,2025-09-20 14:09:28,running,5.003262328229274,64.84923502604167,65.57860107421875,185.0,157.140625,163.0,10168.0,1758398968000,78.9666351243402,1482.729248046875,163.0,6,40.49430853687227,-111.99570673517883,2.5880000591278076,420.83599853515625,698.7449951171875,29.0,190.0,105.0,866.0,2696.0,2025-09-20 21:15:02,False,2299.802978515625,running
20428686067,2025-09-18 12:47:11,running,3.5040203786956146,45.743017578125,46.99966634114583,178.0,156.75,164.0,7184.0,1758221231000,78.63958889435364,1482.743896484375,164.0,4,40.494366036728024,-111.99573053978384,371.885986328125,443.3689880371094,734.427978515625,125.0,198.0,1097.0,1050.0,263.0,2025-09-18 19:34:10,False,2413.3330078125,running
20420258881,2025-09-17 19:06:06,running,0.0,8.279349772135417,9.671767171223959,,0.0,0.0,0.0,1758157566000,,,0.0,1,,,496.760986328125,,,,,,,,2025-09-18 01:15:46,False,,running
20413981918,2025-09-17 06:30:28,running,1.966216000716909,25.828367106119792,25.85231730143229,159.0,156.296875,171.0,4034.0,1758112228000,78.03170877626823,1498.0,171.0,9,40.52508244290948,-112.03162226825953,25.5939998626709,440.5589904785156,760.3709716796875,14.0,669.0,541.0,326.0,0.0,2025-09-17 12:56:19,False,,running
20413737022,2025-09-17 06:26:03,running,0.3148557740782421,3.807366689046224,3.807366689046224,138.0,157.203125,169.0,602.0,1758111963000,84.58433962069432,1495.0,169.0,2,40.52541243843734,-112.02585300430655,61.29899978637695,,,38.0,100.0,79.0,0.0,0.0,2025-09-17 12:29:51,False,,running
20398877942,2025-09-15 19:03:02,running,3.003535586599165,41.87411702473958,42.5281005859375,174.0,143.09375,171.0,4396.0,1757984582000,80.93591243532312,1481.072509765625,171.0,4,40.49446444027126,-111.99574328027666,2.9860000610351562,471.2030029296875,800.3159790039062,146.0,302.0,1115.0,822.0,110.0,2025-09-16 01:45:33,False,,running
20375855707,2025-09-13 11:25:31,running,3.003802886101601,37.78223470052083,37.78223470052083,186.0,154.0,165.0,5888.0,1757784331000,82.0154451400328,1480.0216064453125,165.0,4,40.49354746006429,-111.99701992794871,4.011000156402588,429.81500244140625,717.635986328125,12.0,8.0,188.0,895.0,1082.0,2025-09-13 18:03:17,False,,running
20374221905,2025-09-13 09:10:55,running,0.8102949277731866,9.466700236002604,9.560700480143229,180.0,146.25,182.0,1498.0,1757776255000,94.1881845344235,1342.86767578125,182.0,1,40.64803968183696,-111.85217460617423,568.0020141601562,423.90399169921875,,0.0,14.0,96.0,273.0,185.0,2025-09-13 15:20:28,False,,running
20362531017,2025-09-12 06:46:09,running,2.008220706693039,24.674283854166667,24.674283854166667,174.0,157.171875,169.0,3906.0,1757681169000,83.3364092788758,1486.4000244140625,169.0,3,40.49436100758612,-111.99575032107532,4.257999897003174,418.9219970703125,678.301025390625,131.0,140.0,460.0,683.0,53.0,2025-09-12 13:10:49,False,,running
20356158703,2025-09-11 12:39:49,running,3.38702208183945,48.41044921875,48.95403238932292,180.0,127.5625,169.0,6876.0,1757615989000,91.72521200706267,1482.3248291015625,169.0,12,40.49073382280767,-111.99405265040696,161.67300415039062,452.1700134277344,756.3460083007812,42.0,180.0,453.0,1471.0,747.0,2025-09-11 19:28:46,False,2615.302001953125,running
20326234921,2025-09-08 18:59:24,running,3.006232247186735,42.25678304036458,43.14398193359375,180.0,144.5,170.0,6482.0,1757379564000,79.24895452427562,1481.574951171875,170.0,4,40.494396882131696,-111.99574059806764,4.4039998054504395,491.39898681640625,807.9710083007812,34.0,191.0,351.0,1123.0,828.0,2025-09-09 01:42:32,False,,running
20303931481,2025-09-06 17:11:58,running,0.2837622959894953,5.0417332967122395,5.0417332967122395,167.0,141.0625,156.0,716.0,1757200318000,64.2112390959024,1382.0,156.0,1,40.496475426480174,-111.95963781327009,302.5039978027344,,,0.0,0.0,0.0,301.0,0.0,2025-09-06 23:17:00,False,,running
20303904678,2025-09-06 16:34:47,running,3.104079945525029,35.32884928385417,35.32884928385417,190.0,158.125,170.0,5578.0,1757198087000,89.39668060798182,1421.019287109375,170.0,4,40.48971793614328,-111.9659508112818,66.99400329589844,370.4330139160156,649.1300048828125,0.0,0.0,20.0,43.0,2055.0,2025-09-06 23:10:06,False,2119.73095703125,running
20303747088,2025-09-06 16:29:28,running,0.3670013824815219,4.874916585286458,4.874916585286458,148.0,151.9375,165.0,750.0,1757197768000,79.74130539063545,1381.2633056640625,165.0,1,40.49668103456497,-111.95948199369013,292.4949951171875,,,10.0,27.0,253.0,0.0,0.0,2025-09-06 22:34:20,False,,running
20293720392,2025-09-05 18:24:47,running,3.105192226996005,41.12336832682292,41.82740071614583,172.0,112.890625,169.0,5930.0,1757118287000,110.4828501471117,1476.8807373046875,169.0,4,40.49814627505839,-111.99673997238278,68.19499969482422,393.2200012207031,658.197021484375,0.0,31.0,37.0,1972.0,428.0,2025-09-06 01:06:36,False,2467.402099609375,running
20273877422,2025-09-03 19:15:06,running,3.0048156508452224,43.6728515625,43.6728515625,177.0,137.53125,165.0,6678.0,1756948506000,80.58114698390575,1482.4990234375,165.0,4,40.481185326352715,-111.97642106562853,5.382999897003174,465.385009765625,767.6729736328125,28.0,162.0,329.0,1561.0,540.0,2025-09-04 01:58:46,False,,running
20262770540,2025-09-02 18:38:51,running,4.003740591057515,53.24624837239583,53.24624837239583,190.0,153.46875,166.0,8200.0,1756859931000,78.73937090376178,1481.8656005859375,166.0,5,40.49407987855375,-111.99573062360287,2.111999988555908,422.15399169921875,689.1790161132812,28.0,111.0,186.0,671.0,2194.0,2025-09-03 01:32:05,False,2400.89111328125,running
20152518938,2025-08-23 08:08:20,running,2.0046540332527623,26.027449544270834,26.027449544270834,171.0,154.6875,160.0,4016.0,1755958100000,80.11966759093427,1686.0,160.0,3,37.68442025408149,-113.13247930258512,3.9240000247955322,451.61700439453125,742.7650146484375,69.0,317.0,547.0,583.0,19.0,2025-08-23 14:34:21,False,,running
20109182320,2025-08-19 07:24:02,running,2.1921223092618716,27.078633626302082,29.3510009765625,132.0,154.0,192.0,4260.0,1755609842000,83.51242446449135,1484.058349609375,192.0,3,40.494587905704975,-111.99573724530637,138.85800170898438,437.5350036621094,713.9970092773438,91.0,161.0,14.0,0.0,0.0,2025-08-19 13:53:23,False,,running
20082037644,2025-08-16 17:33:37,running,1.9819056623173166,33.199300130208336,33.79101765950521,178.0,87.125,165.0,4832.0,1755387217000,121.01924392369318,1482.60888671875,165.0,2,40.4942568205297,-111.99574562720954,983.52001953125,568.9000244140625,964.4639892578125,13.0,64.0,315.0,1083.0,518.0,2025-08-17 00:07:24,False,,running
19949453389,2025-08-04 10:02:24,treadmill_running,0.0,21.746333821614584,21.746333821614584,117.0,1.09375,86.0,1120.0,1754323344000,0.0,,86.0,1,,,1304.780029296875,,,45.0,16.0,0.0,0.0,0.0,2025-08-04 16:24:08,False,,treadmill_running
19795695082,2025-07-20 11:45:20,running,0.0,0.39176667531331383,0.39176667531331383,,0.0,0.0,0.0,1753033520000,,,0.0,1,,,23.506000518798828,,,,,,,,2025-07-20 17:45:43,False,,running
19632428578,2025-07-04 11:00:29,running,4.005983965088173,61.11273193359375,61.80719807942708,184.0,152.25,170.0,9318.0,1751648429000,69.1649819645044,1482.0894775390625,170.0,5,40.49460425041616,-111.99573531746864,4.276000022888184,442.0669860839844,767.2319946289062,144.0,122.0,571.0,2615.0,168.0,2025-07-04 18:02:17,False,2801.800048828125,running
19573610883,2025-06-28 12:24:55,running,4.0027836527707015,70.84825032552084,70.84825032552084,191.0,146.8125,166.0,10418.0,1751135095000,61.67402033463527,1587.5999755859375,166.0,5,40.494242906570435,-111.99574671685696,2.3570001125335693,522.8839721679688,863.5640258789062,8.0,93.0,292.0,3499.0,331.0,2025-06-28 19:35:45,False,3346.323974609375,running
19171213758,2025-05-19 06:55:43,running,1.1135807255662649,16.434166463216147,16.434166463216147,165.0,157.078125,167.0,2570.0,1747659343000,69.40382740626997,1493.800048828125,167.0,3,,,37.93899917602539,526.656982421875,875.9959716796875,24.0,110.0,398.0,438.0,0.0,2025-05-19 13:12:09,False,,running
18779977870,2025-04-09 10:56:37,running,2.0061640782284975,31.699967447916666,31.699967447916666,163.0,151.0,165.0,4824.0,1744217797000,67.31988948016348,1481.951171875,165.0,3,40.4943466745317,-111.99573104269803,4.735000133514404,507.8179931640625,853.489013671875,43.0,411.0,1119.0,234.0,0.0,2025-04-09 17:28:18,False,,running
18759964885,2025-04-07 11:22:51,treadmill_running,2.000006177318808,26.108866373697918,26.108866373697918,90.0,155.828125,163.0,4074.0,1744046571000,76.53582076335482,,163.0,2,,,742.5989990234375,485.4590148925781,782.1409912109375,0.0,0.0,0.0,0.0,0.0,2025-04-07 17:48:57,False,,treadmill_running
18451492191,2025-03-05 20:27:15,running,0.0,0.6516333262125651,0.6516333262125651,,0.0,0.0,0.0,1741231635000,,,0.0,1,,,39.097999572753906,,,,,,,,2025-03-06 03:27:54,False,,running
17567203927,2024-11-18 07:26:12,treadmill_running,2.500006280476391,33.011216227213545,33.011216227213545,176.0,155.734375,163.0,5138.0,1731939972000,83.97429737171161,,163.0,4,,,15.609000205993652,446.8009948730469,720.7639770507812,18.0,135.0,701.0,920.0,184.0,2024-11-18 14:59:12,False,,treadmill_running
17472727492,2024-11-06 07:20:55,treadmill_running,2.500006280476391,30.65606689453125,30.65606689453125,171.0,155.28125,163.0,4762.0,1730902855000,78.87878642735228,,163.0,4,,,17.819000244140625,477.6109924316406,770.3389892578125,27.0,58.0,598.0,1121.0,9.0,2024-11-06 14:51:34,False,,treadmill_running
17415324893,2024-10-30 07:09:49,treadmill_running,3.0000074564728405,38.7795654296875,38.7795654296875,170.0,152.734375,161.0,5900.0,1730293789000,79.15998240654133,,161.0,3,,,720.3309936523438,485.58099365234375,786.281982421875,22.0,152.0,871.0,1251.0,15.0,2024-10-30 13:48:35,False,,treadmill_running
17348580868,2024-10-22 06:39:35,treadmill_running,5.000012560952782,64.30220133463541,64.30220133463541,160.0,154.5,163.0,9920.0,1729600775000,75.99932571994512,,163.0,5,,,590.8740234375,493.8890075683594,798.9219970703125,92.0,104.0,1984.0,1651.0,0.0,2024-10-22 13:43:53,False,2507.537109375,treadmill_running
17340023306,2024-10-21 06:38:20,treadmill_running,5.000012560952782,67.370849609375,67.370849609375,177.0,155.75,173.0,10482.0,1729514300000,76.63143671818102,,173.0,6,,,36.84299850463867,490.22601318359375,793.9520263671875,80.0,225.0,1447.0,2071.0,195.0,2024-10-21 13:45:42,False,2483.31689453125,treadmill_running
17315780850,2024-10-18 07:14:53,treadmill_running,2.5100040707195963,33.91409912109375,33.91409912109375,154.0,155.40625,163.0,5260.0,1729257293000,81.1018903271369,,163.0,4,,,49.43199920654297,467.8599853515625,755.2119750976562,45.0,106.0,1170.0,689.0,0.0,2024-10-18 13:48:47,False,,treadmill_running
17299698875,2024-10-16 07:08:27,treadmill_running,3.000006080229318,37.89341634114583,37.89341634114583,172.0,156.6875,167.0,5954.0,1729084107000,83.07431289335535,,167.0,4,,,46.875,447.0150146484375,723.5089721679688,80.0,258.0,1010.0,830.0,66.0,2024-10-16 13:46:20,False,,treadmill_running
17291135947,2024-10-15 07:12:21,treadmill_running,3.000006080229318,37.03163248697917,37.03163248697917,176.0,157.4375,165.0,5830.0,1728997941000,76.46546771752692,,165.0,4,,,41.604000091552734,487.28900146484375,785.3380126953125,60.0,88.0,307.0,1367.0,373.0,2024-10-15 13:49:22,False,,treadmill_running
17200742278,2024-10-04 07:08:45,treadmill_running,3.000006080229318,39.34883219401042,39.34883219401042,154.0,155.96875,161.0,6152.0,1728047325000,63.46848119847969,,161.0,3,,,411.7590026855469,590.5239868164062,953.323974609375,102.0,111.0,1799.0,307.0,0.0,2024-10-04 13:48:05,False,,treadmill_running
17175890210,2024-10-01 07:09:52,treadmill_running,3.0000074564728405,40.03106689453125,40.03106689453125,153.0,155.640625,164.0,6216.0,1727788192000,32.39525050803421,,164.0,2,,,484.30999755859375,1179.3070068359375,1902.012939453125,52.0,95.0,2031.0,207.0,0.0,2024-10-01 13:49:53,False,,treadmill_running
17167441549,2024-09-30 07:08:54,treadmill_running,3.0000074564728405,41.158365885416664,41.158365885416664,160.0,154.671875,163.0,6332.0,1727701734000,32.124473328628206,,163.0,2,,,525.4299926757812,1197.197998046875,1926.248046875,86.0,151.0,1903.0,329.0,0.0,2024-09-30 13:50:03,False,,treadmill_running
17048815542,2024-09-16 06:33:01,running,3.6675594328459185,64.12501627604166,64.12501627604166,170.0,146.65625,170.0,9578.0,1726489981000,62.75851007459813,,170.0,4,,,730.5189819335938,,,149.0,121.0,1460.0,2057.0,4.0,2024-09-16 13:37:08,False,,running
16946049538,2024-09-03 22:05:36,running,0.06136677279893029,216.82744140625,218.486181640625,96.0,0.015625,100.0,16.0,1725422736000,2915.0554448854737,1480.79052734375,100.0,1,40.48497688025236,-111.99114991351962,13009.646484375,,,11.0,0.0,0.0,0.0,0.0,2024-09-04 07:44:05,False,,running
16843686784,2024-08-23 15:36:59,running,6.0071021204732995,90.2129150390625,90.2129150390625,177.0,150.09375,167.0,13556.0,1724449019000,71.27653912088887,1482.005859375,167.0,7,40.49430132843554,-111.99572986923158,8.130999565124512,,,10.0,298.0,2763.0,2268.0,60.0,2024-08-23 23:07:11,False,,running
16836032413,2024-08-22 17:34:35,running,4.006325598731467,57.45860188802083,57.45860188802083,163.0,154.359375,166.0,8878.0,1724369675000,72.69395405271675,1482.0062255859375,166.0,5,40.49419722519815,-111.99572182260454,7.086999893188477,,,22.0,115.0,1899.0,1397.0,0.0,2024-08-23 00:32:02,False,,running
16817789003,2024-08-20 17:00:29,running,1.3608622714222136,18.908083089192708,21.585817464192708,161.0,148.875,166.0,2928.0,1724194829000,77.79663963662057,1480.8822021484375,166.0,2,40.48866340890527,-111.99166531674564,286.52301025390625,,,146.0,257.0,570.0,162.0,0.0,2024-08-20 23:22:04,False,,running
16783254001,2024-08-16 20:11:54,running,4.004772166889843,52.99016520182292,52.99016520182292,168.0,156.21875,167.0,8266.0,1723860714000,77.80244065041163,1506.800048828125,167.0,5,40.49425891600549,-111.99572718702257,3.23799991607666,,,24.0,198.0,838.0,2109.0,0.0,2024-08-17 03:04:53,False,,running
16774742802,2024-08-15 17:36:36,running,6.005039575617955,96.51836751302083,96.51836751302083,189.0,142.734375,174.0,13878.0,1723764996000,70.16002969967018,1528.3135986328125,174.0,7,40.48984609544277,-111.99882815591991,5.804999828338623,,,17.0,126.0,608.0,4248.0,783.0,2024-08-16 01:13:07,False,,running
16764650651,2024-08-14 14:28:21,running,4.006014912363143,54.939534505208336,54.939534505208336,168.0,155.578125,165.0,8536.0,1723667301000,75.35200261035554,1481.259033203125,165.0,5,40.49428062513471,-111.995738921687,4.848999977111816,,,27.0,186.0,785.0,2277.0,0.0,2024-08-14 21:23:17,False,,running
16757187634,2024-08-13 19:55:15,running,6.004958263169995,80.3192626953125,81.55270182291666,174.0,152.09375,169.0,12314.0,1723600515000,79.28240264904098,1482.7218017578125,169.0,7,40.49442043527961,-111.99572576209903,3.0260000228881836,,,27.0,202.0,1900.0,2569.0,116.0,2024-08-14 03:16:48,False,,running
16746948874,2024-08-12 16:22:12,running,4.3820385632658425,56.58036702473958,56.58036702473958,167.0,152.34375,167.0,8674.0,1723501332000,81.7848973650068,1482.97802734375,167.0,6,40.48645243048668,-111.98799203149974,261.0979919433594,,,276.0,282.0,1361.0,1420.0,0.0,2024-08-12 23:18:46,False,,running
16719783480,2024-08-09 12:49:18,running,6.018572636919483,91.8018310546875,91.8018310546875,166.0,152.75,163.0,14014.0,1723229358000,68.9814246634187,1482.71923828125,163.0,7,40.49423544667661,-111.9956960901618,10.644000053405762,,,62.0,249.0,2922.0,2254.0,0.0,2024-08-09 20:21:06,False,,running
16712173300,2024-08-08 15:05:01,running,4.011532629447475,54.00791829427083,54.00791829427083,194.0,150.03125,170.0,8152.0,1723151101000,79.5780171844559,1481.2965087890625,170.0,5,40.49404668621719,-111.99577764607966,9.763999938964844,,,41.0,266.0,408.0,854.0,1657.0,2024-08-08 21:59:01,False,,running
16702650092,2024-08-07 12:40:18,running,4.007462759384282,53.728617350260414,53.728617350260414,191.0,149.03125,166.0,8090.0,1723056018000,80.08015511994651,1481.296875,166.0,5,40.494361175224185,-111.99570589698851,4.010000228881836,,,54.0,188.0,62.0,288.0,2633.0,2024-08-07 19:34:01,False,,running
16685586140,2024-08-05 17:55:09,running,4.008481592221035,51.89946695963542,51.89946695963542,187.0,153.40625,161.0,7968.0,1722902109000,80.97511540702367,1482.3565673828125,161.0,5,40.49450668506324,-111.99575065635145,4.572999954223633,,,229.0,84.0,233.0,669.0,1882.0,2024-08-06 00:47:02,False,,running
16659239224,2024-08-02 17:04:21,running,4.004473920112438,58.10769856770833,58.10769856770833,188.0,150.515625,160.0,8754.0,1722639861000,73.67639266252834,1483.0445556640625,160.0,5,40.49415766261518,-111.99572785757482,2.4820001125335693,,,23.0,226.0,750.0,1136.0,1333.0,2024-08-03 00:02:27,False,,running
16641878193,2024-07-31 13:26:42,running,4.000009941963787,55.0,25.068349202473957,171.0,152.6875,160.0,3834.0,1722454002000,78.89370147872484,1549.800048828125,160.0,2,40.48124014399946,-111.97647823020816,737.114990234375,,,33.0,212.0,185.0,919.0,153.0,2024-07-31 19:51:46,False,,running
16632651714,2024-07-30 12:35:28,running,4.218996485942996,59.015767415364586,59.43598225911458,199.0,151.734375,230.0,8940.0,1722364528000,75.7539405046547,1482.357177734375,230.0,5,40.4945935215801,-111.99572190642357,218.85899353027344,,,18.0,240.0,523.0,1073.0,1671.0,2024-07-30 19:34:54,False,,running
16624610945,2024-07-29 16:01:04,running,4.000776630967509,56.50115152994792,56.50115152994792,190.0,148.609375,181.0,8402.0,1722290464000,76.38568319260047,1482.1473388671875,181.0,4,40.49377058632672,-111.99712880887091,732.0120239257812,,,44.0,143.0,87.0,840.0,2277.0,2024-07-29 22:57:34,False,,running
16607519397,2024-07-27 13:54:25,running,2.4604931335399916,35.067431640625,35.067431640625,182.0,149.359375,165.0,5238.0,1722110065000,75.50594990859366,1483.0291748046875,165.0,3,40.494253216311336,-111.99571863748133,444.5350036621094,,,30.0,222.0,293.0,962.0,570.0,2024-07-27 20:29:29,False,,running
16448503416,2024-07-16 17:22:19,treadmill_running,0.40000099419637875,5.182416788736979,5.182416788736979,130.0,150.59375,163.0,788.0,1721172139000,32.67645713648565,,163.0,1,,,310.94500732421875,,,62.0,249.0,0.0,0.0,0.0,2024-07-16 23:27:29,False,,treadmill_running
16321994821,2024-07-09 06:59:24,treadmill_running,0.40000099419637875,5.662233479817709,5.662233479817709,152.0,148.71875,163.0,860.0,1720529964000,33.68562459006848,,163.0,1,,,339.7340087890625,,,39.0,93.0,188.0,20.0,0.0,2024-07-09 13:05:03,False,,treadmill_running
16304212354,2024-07-08 06:58:06,treadmill_running,0.45000111847092605,5.766816711425781,5.766816711425781,164.0,142.421875,163.0,862.0,1720443486000,35.89461998696603,,163.0,1,,,346.0090026855469,,,93.0,56.0,114.0,84.0,0.0,2024-07-08 13:03:52,False,,treadmill_running
16205443152,2024-07-02 07:28:25,treadmill_running,0.40000099419637875,5.253016662597656,5.253016662597656,152.0,150.046875,161.0,798.0,1719926905000,39.86938651723712,,161.0,1,,,315.1809997558594,,,63.0,97.0,104.0,18.0,0.0,2024-07-02 13:33:40,False,,treadmill_running
16090228203,2024-06-25 07:01:39,treadmill_running,3.000006080229318,36.399068196614586,36.399068196614586,178.0,153.640625,161.0,5618.0,1719320499000,78.20201387646831,,161.0,5,,,29.202999114990234,,,32.0,138.0,251.0,913.0,800.0,2024-06-25 13:38:02,False,,treadmill_running
16072041002,2024-06-24 07:07:34,treadmill_running,0.5000012427454734,6.28316650390625,6.28316650390625,161.0,146.953125,161.0,958.0,1719234454000,76.19694604389208,,161.0,1,,,376.989990234375,,,55.0,110.0,101.0,111.0,0.0,2024-06-24 13:13:50,False,,treadmill_running
16023677129,2024-06-21 07:26:36,treadmill_running,1.3500033554127782,15.19108378092448,15.19108378092448,178.0,155.953125,163.0,2380.0,1718976396000,78.42424177053869,,163.0,2,,,113.01200103759766,,,50.0,53.0,153.0,403.0,237.0,2024-06-21 13:41:47,False,,treadmill_running
15973338188,2024-06-18 07:50:37,treadmill_running,0.39445362543564055,5.338049825032552,5.338049825032552,145.0,144.921875,161.0,804.0,1718718637000,82.05918330752259,,161.0,1,,,320.2829895019531,,,65.0,86.0,159.0,0.0,0.0,2024-06-18 13:55:57,False,,treadmill_running
15907073471,2024-06-14 07:24:19,treadmill_running,0.3658829191406687,5.3704167683919275,5.3704167683919275,143.0,149.546875,161.0,814.0,1718371459000,73.3169869322916,,161.0,1,,,322.2250061035156,,,73.0,92.0,150.0,0.0,0.0,2024-06-14 13:29:41,False,,treadmill_running
15873753335,2024-06-12 07:18:03,treadmill_running,0.38059080119800665,5.1504669189453125,5.1504669189453125,131.0,146.65625,161.0,776.0,1718198283000,81.08843433077483,,161.0,1,,,309.02801513671875,,,52.0,233.0,0.0,0.0,0.0,2024-06-12 13:23:12,False,,treadmill_running
15856431547,2024-06-11 07:33:51,treadmill_running,0.38096982946522334,5.127516682942709,5.127516682942709,166.0,149.296875,165.0,796.0,1718112831000,80.0904234412762,,165.0,1,,,307.6510009765625,,,18.0,26.0,68.0,195.0,0.0,2024-06-11 13:38:58,False,,treadmill_running
15855817810,2024-06-11 06:52:00,treadmill_running,0.39315493972878635,5.140516662597657,5.140516662597657,144.0,149.671875,167.0,782.0,1718110320000,82.23649120126402,,167.0,1,,,308.4309997558594,,,51.0,87.0,161.0,0.0,0.0,2024-06-11 12:57:08,False,,treadmill_running
15838588767,2024-06-10 05:52:48,running,2.004803156641465,27.95926717122396,27.95926717122396,176.0,154.1875,167.0,4304.0,1718020368000,74.8344796066356,1481.596923828125,167.0,3,40.48147181980312,-111.97672801092267,2.388000011444092,,,47.0,502.0,541.0,535.0,25.0,2024-06-10 12:20:45,False,,running
15737702364,2024-06-04 07:15:21,treadmill_running,0.38287122852234845,5.565216573079427,5.565216573079427,153.0,145.265625,161.0,822.0,1717506921000,76.21765994705787,,161.0,1,,,333.9129943847656,,,71.0,151.0,109.0,3.0,0.0,2024-06-04 13:20:54,False,,treadmill_running
15720492423,2024-06-03 07:15:29,treadmill_running,0.3653361080983703,5.020799763997396,5.020799763997396,139.0,150.765625,167.0,754.0,1717420529000,77.67212192489342,,167.0,1,,,301.24798583984375,,,82.0,152.0,47.0,0.0,0.0,2024-06-03 13:20:30,False,,treadmill_running
15694347633,2024-06-01 13:34:36,running,4.539599938872457,62.376932779947914,63.239034016927086,189.0,152.984375,165.0,9542.0,1717270476000,76.4169884940353,1481.408447265625,165.0,7,40.486899856477976,-111.98877599090338,2.0969998836517334,,,36.0,151.0,481.0,137.0,2936.0,2024-06-01 20:37:50,False,,running
15671605642,2024-05-31 07:17:17,treadmill_running,0.4031901245959136,5.702999877929687,5.702999877929687,148.0,146.09375,160.0,840.0,1717161437000,77.8794172058472,,160.0,1,,,342.17999267578125,,,48.0,93.0,176.0,0.0,0.0,2024-05-31 13:22:59,False,,treadmill_running
15637842611,2024-05-29 05:54:39,running,2.0270856497267515,25.644000244140624,25.644000244140624,182.0,156.4375,173.0,4024.0,1716983679000,81.31388727944429,1481.2449951171875,173.0,3,40.49457734450698,-111.99572207406163,15.598999977111816,,,19.0,176.0,267.0,894.0,167.0,2024-05-29 12:20:17,False,,running
15621328284,2024-05-28 07:13:35,treadmill_running,0.5000012427454734,6.4753667195638025,6.4753667195638025,162.0,148.796875,163.0,998.0,1716902015000,89.77240313523808,,163.0,1,,,388.5220031738281,,,33.0,120.0,126.0,110.0,0.0,2024-05-28 13:20:03,False,,treadmill_running
15555548468,2024-05-24 07:18:30,treadmill_running,0.3924031029898126,5.714366658528646,5.714366658528646,155.0,140.890625,165.0,842.0,1716556710000,78.43863725495048,,165.0,1,,,342.86199951171875,,,36.0,89.0,137.0,58.0,0.0,2024-05-24 13:24:12,False,,treadmill_running
15523269761,2024-05-22 07:32:39,treadmill_running,2.000006177318808,24.448250325520835,24.448250325520835,178.0,155.515625,163.0,3816.0,1716384759000,75.79337558579194,,163.0,2,,,676.6500244140625,,,68.0,167.0,179.0,313.0,740.0,2024-05-22 13:57:05,False,,treadmill_running
15505965960,2024-05-21 07:16:46,treadmill_running,0.5000012427454734,5.951849873860677,5.951849873860677,159.0,152.21875,165.0,922.0,1716297406000,74.6205919277067,,165.0,1,,,357.1109924316406,,,50.0,63.0,122.0,122.0,0.0,2024-05-21 13:22:43,False,,treadmill_running
15489175685,2024-05-20 07:28:14,treadmill_running,0.3300008202120125,5.060433451334635,5.060433451334635,139.0,148.625,158.0,756.0,1716211694000,85.322971001078,,158.0,1,,,303.6260070800781,,,48.0,204.0,42.0,0.0,0.0,2024-05-20 13:33:17,False,,treadmill_running
15422816844,2024-05-16 07:22:33,running,2.002572525606382,28.355499267578125,28.355499267578125,183.0,144.640625,171.0,4158.0,1715865753000,78.56747233675337,1482.4000244140625,171.0,3,40.49429311417043,-111.99573380872607,1.2599999904632568,,,37.0,210.0,595.0,618.0,241.0,2024-05-16 13:50:54,False,,running
15370491464,2024-05-13 05:56:19,running,2.0089787632274723,28.355649820963542,28.355649820963542,173.0,155.953125,165.0,4414.0,1715601379000,73.10115047243872,1481.928955078125,165.0,3,40.4943931940943,-111.99576071463525,6.439000129699707,,,36.0,162.0,1049.0,430.0,10.0,2024-05-13 12:24:40,False,,running
15321622152,2024-05-10 07:28:05,treadmill_running,2.000006177318808,25.47738240559896,25.47738240559896,186.0,155.953125,167.0,3968.0,1715347685000,73.8798067307165,,167.0,2,,,668.406982421875,,,28.0,79.0,317.0,740.0,344.0,2024-05-10 13:53:33,False,,treadmill_running
15286645035,2024-05-08 07:15:47,treadmill_running,2.000006177318808,28.852400716145834,28.852400716145834,173.0,154.515625,161.0,4444.0,1715174147000,84.59804295397659,,161.0,3,,,246.43299865722656,,,57.0,251.0,589.0,561.0,273.0,2024-05-08 13:44:38,False,,treadmill_running
13960061626,2024-02-14 07:18:47,treadmill_running,3.000006080229318,36.19041748046875,37.32344970703125,175.0,155.8125,163.0,5658.0,1707920327000,81.98249877129145,,163.0,3,,,597.7990112304688,,,43.0,394.0,404.0,792.0,501.0,2024-02-14 14:56:06,False,,treadmill_running
13944346713,2024-02-13 07:04:30,treadmill_running,3.000006080229318,40.162349446614584,40.162349446614584,177.0,154.28125,163.0,6176.0,1707833070000,73.43298124431477,,163.0,3,,,655.697021484375,,,128.0,749.0,640.0,685.0,169.0,2024-02-13 14:44:39,False,,treadmill_running
13885461764,2024-02-09 07:17:04,treadmill_running,3.000006080229318,36.549365234375,36.549365234375,174.0,155.390625,163.0,5698.0,1707488224000,81.98023549222837,,163.0,3,,,662.7039794921875,,,104.0,363.0,512.0,1144.0,54.0,2024-02-09 14:53:36,False,,treadmill_running
13856628559,2024-02-07 07:12:51,treadmill_running,3.000006080229318,38.01201578776042,38.01201578776042,172.0,154.234375,167.0,5900.0,1707315171000,87.6369567892471,,167.0,4,,,131.56300354003906,,,86.0,249.0,575.0,1185.0,170.0,2024-02-07 14:50:51,False,,treadmill_running
13841110045,2024-02-06 07:10:31,treadmill_running,3.000006080229318,34.524332682291664,34.524332682291664,192.0,157.421875,178.0,5470.0,1707228631000,81.19666216878673,,178.0,3,,,546.573974609375,,,71.0,229.0,121.0,480.0,1130.0,2024-02-06 14:45:02,False,,treadmill_running
13825839052,2024-02-05 07:10:29,treadmill_running,2.9958181857547195,37.9447509765625,37.9447509765625,181.0,155.765625,161.0,5914.0,1707142229000,81.56015885871888,,161.0,3,,,745.1199951171875,,,63.0,312.0,467.0,615.0,807.0,2024-02-05 14:48:25,False,,treadmill_running
13781070958,2024-02-02 07:21:34,treadmill_running,3.056955134266998,38.238232421875,38.238232421875,177.0,155.53125,167.0,5960.0,1706883694000,82.72748171500176,,167.0,4,,,41.06999969482422,,,58.0,374.0,468.0,904.0,473.0,2024-02-02 14:59:48,False,,treadmill_running
13751201844,2024-01-31 07:19:17,treadmill_running,3.000006080229318,36.86936848958333,36.86936848958333,184.0,157.4375,165.0,5814.0,1706710757000,85.59880376617129,,165.0,4,,,57.36000061035156,,,34.0,209.0,396.0,855.0,691.0,2024-01-31 14:56:09,False,,treadmill_running
13735113546,2024-01-30 07:10:51,treadmill_running,3.0072701945168516,36.05950113932292,36.05950113932292,188.0,157.375,163.0,5670.0,1706623851000,85.26833708035187,,163.0,4,,,5.826000213623047,,,31.0,85.0,208.0,186.0,1639.0,2024-01-30 14:46:54,False,,treadmill_running
13572968130,2024-01-19 07:09:13,treadmill_running,3.0000074564728405,35.30038248697917,35.30038248697917,182.0,157.15625,167.0,5560.0,1705673353000,85.4968833470813,,167.0,3,,,683.47900390625,,,41.0,68.0,203.0,239.0,1528.0,2024-01-19 14:44:31,False,,treadmill_running
13530525904,2024-01-16 07:20:12,treadmill_running,2.000006177318808,23.75556640625,23.75556640625,184.0,157.875,165.0,3770.0,1705414812000,84.47027020769201,,165.0,2,,,685.739990234375,,,63.0,88.0,166.0,458.0,649.0,2024-01-16 14:43:57,False,,treadmill_running
13428875868,2024-01-09 07:13:40,treadmill_running,1.5000037282364203,18.56541748046875,18.56541748046875,174.0,155.6875,163.0,2898.0,1704809620000,9.935983297837181,,163.0,1,,,1113.925048828125,,,50.0,117.0,193.0,633.0,91.0,2024-01-09 14:32:13,False,,treadmill_running
13056660808,2023-12-10 18:07:11,running,0.0,0.028883334000905356,0.056850000222524004,,0.0,0.0,0.0,1702256831000,,,0.0,1,,,1.7330000400543213,,,,,,,,2023-12-11 01:07:14,False,,running
13026886855,2023-12-08 07:01:49,treadmill_running,3.000006080229318,35.0399658203125,35.0399658203125,185.0,158.53125,169.0,5562.0,1702044109000,84.87326349118139,,169.0,3,,,665.9110107421875,,,52.0,115.0,150.0,943.0,810.0,2023-12-08 14:36:51,False,,treadmill_running
12978330587,2023-12-04 06:57:40,treadmill_running,3.037667700249015,36.90085042317708,36.90085042317708,182.0,156.890625,167.0,5808.0,1701698260000,84.4355389306108,,167.0,4,,,48.91999816894531,,,125.0,130.0,349.0,1025.0,562.0,2023-12-04 14:34:34,False,,treadmill_running
12942636888,2023-12-01 07:00:22,treadmill_running,1.0872282865666205,13.334866333007813,13.334866333007813,152.0,155.609375,162.0,2084.0,1701439222000,84.32091556933624,,162.0,2,,,61.32400131225586,,,57.0,293.0,301.0,105.0,0.0,2023-12-01 14:13:42,False,,treadmill_running
12919023869,2023-11-29 06:58:25,treadmill_running,3.0457640535095134,36.283182779947914,36.283182779947914,179.0,159.875,167.0,5806.0,1701266305000,84.50232493461277,,167.0,4,,,32.933998107910156,,,54.0,185.0,330.0,947.0,630.0,2023-11-29 14:34:41,False,,treadmill_running
12906099037,2023-11-28 06:55:03,treadmill_running,3.032342341716946,35.8927001953125,35.8927001953125,186.0,159.875,169.0,5744.0,1701179703000,85.03903734279648,,169.0,4,,,20.649999618530273,,,56.0,352.0,455.0,387.0,883.0,2023-11-28 14:30:56,False,,treadmill_running
12893586818,2023-11-27 06:59:41,treadmill_running,3.000006080229318,35.5531494140625,35.5531494140625,178.0,159.40625,165.0,5690.0,1701093581000,83.09155834852305,,165.0,3,,,673.885009765625,,,75.0,214.0,422.0,562.0,821.0,2023-11-27 14:35:14,False,,treadmill_running
12831893939,2023-11-22 06:57:54,treadmill_running,3.0348402722544647,37.168050130208336,37.168050130208336,173.0,158.734375,163.0,5898.0,1700661474000,83.11884540027685,,163.0,4,,,25.150999069213867,,,78.0,195.0,332.0,1381.0,229.0,2023-11-22 14:35:04,False,,treadmill_running
12818820566,2023-11-21 07:31:38,treadmill_running,1.0000024854909468,10.665533447265625,10.665533447265625,175.0,158.765625,175.0,1710.0,1700577098000,82.28450009077149,,175.0,1,,,639.9320068359375,,,39.0,97.0,120.0,321.0,36.0,2023-11-21 14:42:17,False,,treadmill_running
12805701195,2023-11-20 06:59:49,treadmill_running,3.000006080229318,36.129398600260416,36.129398600260416,186.0,158.640625,167.0,5732.0,1700488789000,83.62114595440772,,167.0,3,,,696.7249755859375,,,186.0,252.0,201.0,379.0,1098.0,2023-11-20 14:35:56,False,,treadmill_running
12767376610,2023-11-17 06:59:16,treadmill_running,3.0100102419703108,36.52616780598958,36.52616780598958,187.0,157.71875,174.0,5772.0,1700229556000,88.22309683822593,,174.0,4,,,114.2229995727539,,,77.0,225.0,259.0,655.0,975.0,2023-11-17 14:35:47,False,,treadmill_running
12749163855,2023-11-15 18:36:44,running,2.0258055854806942,25.010866292317708,25.010866292317708,177.0,156.171875,165.0,3934.0,1700098604000,83.44712239301165,1377.0,165.0,4,41.17615205235779,-112.03788715414703,0.9829999804496765,,,26.0,75.0,362.0,843.0,187.0,2023-11-16 02:01:44,False,,running
12728151240,2023-11-14 07:04:42,treadmill_running,2.530006022703795,30.76085001627604,30.76085001627604,181.0,157.671875,165.0,4878.0,1699970682000,78.71194527078252,,165.0,3,,,306.6419982910156,,,70.0,263.0,495.0,385.0,610.0,2023-11-14 14:35:27,False,,treadmill_running
12714902211,2023-11-13 07:07:12,treadmill_running,2.604831830808748,32.98755086263021,32.98755086263021,181.0,157.53125,165.0,5210.0,1699884432000,80.69923301031005,,165.0,3,,,472.37799072265625,,,42.0,188.0,362.0,693.0,677.0,2023-11-13 14:40:11,False,,treadmill_running
12495108121,2023-10-27 18:40:33,running,1.6700385947713816,20.939666748046875,23.220916748046875,170.0,153.5625,178.0,3286.0,1698453633000,83.69016289141729,1379.0,178.0,2,41.16691628471017,-112.04055067151785,539.1920166015625,,,68.0,137.0,236.0,798.0,6.0,2023-10-28 01:03:46,False,,running
12482993752,2023-10-26 17:27:14,running,2.600475850154411,33.18238321940104,33.79456583658854,173.0,155.546875,164.0,5210.0,1698362834000,81.00380155694964,1377.0,164.0,3,41.17616353556514,-112.04712183214724,469.0459899902344,,,28.0,141.0,614.0,1081.0,110.0,2023-10-27 00:01:01,False,,running
12456951727,2023-10-24 18:33:21,running,3.299849676342476,39.58558349609375,39.58558349609375,191.0,158.28125,171.0,6280.0,1698194001000,84.73913308591874,1379.0,171.0,4,41.17612103931606,-112.04689107835293,199.0399932861328,,,20.0,88.0,471.0,794.0,967.0,2023-10-25 01:12:56,False,,running
12439705602,2023-10-23 12:30:13,treadmill_running,2.5224937234071887,30.223150634765624,30.223150634765624,182.0,158.546875,167.0,4778.0,1698085813000,84.68945182529256,,167.0,3,,,365.5780029296875,,,33.0,147.0,172.0,408.0,1028.0,2023-10-23 19:00:26,False,,treadmill_running
12377711916,2023-10-18 18:56:16,running,2.4121129855154133,31.83235066731771,31.83235066731771,186.0,157.28125,177.0,5012.0,1697676976000,77.53009295592355,1377.3321533203125,177.0,3,41.176074435934424,-112.04696534201503,306.7019958496094,,,38.0,54.0,431.0,746.0,641.0,2023-10-19 01:28:05,False,,running
12156646593,2023-10-02 12:23:22,treadmill_running,2.350005840903725,30.294632975260416,30.294632975260416,180.0,156.203125,163.0,4740.0,1696271002000,83.10813905829023,,163.0,3,,,318.73699951171875,,,78.0,168.0,208.0,526.0,791.0,2023-10-02 18:53:39,False,,treadmill_running
11409966332,2023-06-23 18:03:15,running,2.0035915101454633,22.84695027669271,22.84695027669271,183.0,158.96875,173.0,3626.0,1687564995000,88.73242293847031,1378.557373046875,173.0,3,41.17613344453275,-112.04333388246596,1.503999948501587,,,11.0,28.0,269.0,782.0,266.0,2023-06-24 00:26:05,False,,running
11403526615,2023-06-22 17:41:04,running,2.0680464919819617,24.3704833984375,24.590665690104167,181.0,156.09375,163.0,3826.0,1687477264000,87.42308360842686,1378.0,163.0,3,41.17953867651522,-112.03018267638981,58.040000915527344,,,32.0,90.0,325.0,225.0,785.0,2023-06-23 00:05:39,False,,running
11366582174,2023-06-17 15:01:52,running,2.0022556194425976,22.980600992838543,27.715850830078125,184.0,155.015625,169.0,3666.0,1687035712000,90.45784110563278,1380.4000244140625,169.0,3,41.179524175822735,-112.02904617413878,1.9930000305175781,,,28.0,107.0,327.0,450.0,446.0,2023-06-17 21:29:34,False,,running
11366581496,2023-06-15 17:31:03,running,2.0052320191235227,23.456465657552084,26.657232666015624,172.0,157.140625,167.0,3722.0,1686871863000,87.64229440753155,1383.0,167.0,3,41.16178069263697,-112.0278606377542,3.687999963760376,,,30.0,72.0,305.0,985.0,5.0,2023-06-15 23:57:42,False,,running
11366580864,2023-06-12 19:17:41,running,2.0037530731250857,23.603682454427084,23.698199462890624,180.0,158.25,165.0,3750.0,1686619061000,86.34423238952392,1378.0,165.0,3,41.176114585250616,-112.04702636227012,2.7060000896453857,,,33.0,96.0,451.0,489.0,334.0,2023-06-13 01:41:22,False,,running
11308039478,2023-06-09 17:31:54,running,2.0032994831635174,23.661334228515624,24.21231689453125,171.0,155.40625,164.0,3704.0,1686353514000,87.67748033924025,1380.0,164.0,3,41.17946692742407,-112.02953534200788,2.0929999351501465,,,32.0,75.0,368.0,925.0,8.0,2023-06-09 23:56:06,False,,running
11301532731,2023-06-08 18:44:04,running,2.0053189445576294,24.260799153645834,24.260799153645834,182.0,157.1875,171.0,3820.0,1686271444000,84.58807617632493,1377.0,171.0,3,41.176127744838595,-112.0470929145813,2.802000045776367,,,38.0,98.0,405.0,628.0,286.0,2023-06-09 01:08:19,False,,running
11294104247,2023-06-07 18:15:19,running,2.0049088931642784,24.175716145833334,24.175716145833334,172.0,158.390625,165.0,3830.0,1686183319000,84.245830742097,1379.0,165.0,3,41.16175898350775,-112.04264002852142,2.7739999294281006,,,8.0,39.0,158.0,1226.0,1.0,2023-06-08 00:39:29,False,,running
11279051045,2023-06-05 18:50:09,running,2.124690927744448,26.210817464192708,29.835882568359374,177.0,155.109375,167.0,4098.0,1686012609000,84.10741647901617,1379.0,167.0,3,41.17614559829235,-112.02302176505327,97.20600128173828,,,13.0,79.0,416.0,476.0,578.0,2023-06-06 01:19:59,False,,running
10982971944,2023-04-25 17:19:39,treadmill_running,3.000006080229318,33.558233642578124,33.558233642578124,174.0,159.4375,165.0,5356.0,1682464779000,86.89689458455959,,165.0,3,,,629.0079956054688,,,62.0,221.0,317.0,1053.0,310.0,2023-04-25 23:53:12,False,,treadmill_running
10975792892,2023-04-24 17:20:42,treadmill_running,3.420010663338698,40.17204996744792,40.17204996744792,184.0,157.703125,165.0,6346.0,1682378442000,82.69041942568548,,165.0,4,,,172.4250030517578,,,57.0,275.0,194.0,618.0,1266.0,2023-04-25 00:00:52,False,,treadmill_running
10941311671,2023-04-19 17:24:02,treadmill_running,3.1900096055487035,36.018916829427084,36.018916829427084,176.0,160.578125,173.0,5792.0,1681946642000,92.31804845211842,,173.0,4,,,208.375,,,27.0,110.0,176.0,846.0,985.0,2023-04-20 00:00:03,False,,treadmill_running
10926732787,2023-04-17 17:59:09,treadmill_running,0.3655162925387892,5.3794499715169275,5.3794499715169275,166.0,122.578125,158.0,700.0,1681775949000,89.20797864667341,,158.0,1,,,322.7669982910156,,,0.0,0.0,0.0,323.0,0.0,2023-04-18 00:04:31,False,,treadmill_running
10926704228,2023-04-17 17:21:39,treadmill_running,3.000006080229318,34.46875,34.46875,184.0,160.015625,165.0,5502.0,1681773699000,90.86863776170904,,165.0,4,,,77.49500274658203,,,23.0,197.0,152.0,418.0,1261.0,2023-04-17 23:56:07,False,,treadmill_running
10885352892,2023-04-11 17:20:01,treadmill_running,3.000006080229318,34.515234375,34.515234375,180.0,160.09375,163.0,5520.0,1681255201000,76.80669561538666,,163.0,3,,,518.822021484375,,,132.0,205.0,190.0,811.0,688.0,2023-04-11 23:54:31,False,,treadmill_running
10878255786,2023-04-10 17:21:34,treadmill_running,2.91000655014245,35.53836669921875,35.53836669921875,106.0,159.09375,163.0,5660.0,1681168894000,41.36348324215525,,163.0,2,,,639.97998046875,,,552.0,0.0,0.0,0.0,0.0,2023-04-10 23:57:06,False,,treadmill_running
10830028558,2023-04-03 17:32:16,treadmill_running,0.49999998938083706,5.889483133951823,5.889483133951823,157.0,153.4375,165.0,912.0,1680564736000,120.5022709153521,,165.0,1,,,353.3689880371094,,,32.0,95.0,136.0,63.0,0.0,2023-04-03 23:38:09,False,,treadmill_running
10826516209,2023-04-03 07:28:30,treadmill_running,1.4000034796873255,16.649433390299478,16.649433390299478,173.0,157.546875,163.0,2620.0,1680528510000,126.54465151659275,,163.0,3,,,30.701000213623047,,,58.0,143.0,163.0,484.0,124.0,2023-04-03 13:45:08,False,,treadmill_running
10790802023,2023-03-28 18:28:18,running,3.0189891993767635,40.190450032552086,43.13766682942708,177.0,149.609375,169.0,6338.0,1680049698000,80.71841523525326,1377.0,169.0,4,41.17609078064561,-112.04711873084307,27.551000595092773,,,29.0,146.0,558.0,1240.0,410.0,2023-03-29 01:11:26,False,,running
10743772769,2023-03-21 17:20:05,treadmill_running,3.000006080229318,34.6281005859375,34.6281005859375,186.0,158.046875,169.0,5484.0,1679440805000,85.19299806088698,,169.0,3,,,630.2680053710938,,,32.0,144.0,214.0,381.0,1261.0,2023-03-21 23:54:42,False,,treadmill_running
10736644177,2023-03-20 17:13:29,treadmill_running,3.000006080229318,35.37238362630208,35.37238362630208,189.0,159.65625,169.0,5664.0,1679354009000,83.07879430735929,,169.0,3,,,657.1530151367188,,,39.0,151.0,199.0,452.0,1263.0,2023-03-20 23:48:51,False,,treadmill_running
10701490363,2023-03-15 11:46:37,treadmill_running,2.000006177318808,24.159684244791666,24.159684244791666,183.0,158.640625,169.0,3830.0,1678902397000,86.46811257427996,,169.0,3,,,36.07699966430664,,,23.0,136.0,187.0,349.0,730.0,2023-03-15 18:10:46,False,,treadmill_running
10688314774,2023-03-13 12:16:47,treadmill_running,2.000006177318808,23.370515950520833,23.370515950520833,190.0,156.96875,167.0,3706.0,1678731407000,45.55457706272523,,167.0,2,,,50.91999816894531,,,38.0,49.0,99.0,269.0,947.0,2023-03-13 18:40:09,False,,treadmill_running
10368788844,2023-01-23 19:29:13,treadmill_running,3.0000074564728405,34.244466145833336,34.244466145833336,188.0,158.453125,167.0,5438.0,1674527353000,60.351971513668424,,167.0,3,,,34.23099899291992,,,11.0,206.0,335.0,91.0,1378.0,2023-01-24 03:03:27,False,,treadmill_running
10026941437,2022-11-23 16:40:20,running,3.6549453842491335,40.797465006510414,42.757014973958334,185.0,159.609375,193.0,6546.0,1669246820000,90.30365272459252,836.202392578125,193.0,4,37.10139543749392,-113.52871399372816,464.5169982910156,,,14.0,249.0,362.0,381.0,1430.0,2022-11-24 00:23:05,False,,running
10016237828,2022-11-21 17:46:22,treadmill_running,3.5000086992183137,37.511433919270836,37.75015055338542,179.0,150.875,169.0,5744.0,1669077982000,96.42185959053789,,169.0,4,,,377.00299072265625,,,238.0,93.0,167.0,663.0,1054.0,2022-11-22 01:24:07,False,,treadmill_running
9773955219,2022-10-11 17:17:22,running,2.4584301335776626,30.070100911458333,32.49998372395833,178.0,148.40625,173.0,4560.0,1665530242000,87.48340605431123,846.6043090820312,173.0,5,37.110939994454384,-113.5366246663034,4.171999931335449,,,17.0,201.0,458.0,377.0,752.0,2022-10-11 23:49:51,False,,running
9767719500,2022-10-10 18:16:44,running,3.0270919241350494,35.115116373697916,36.39026692708333,190.0,156.5625,179.0,5526.0,1665447404000,88.56344841122844,839.9327392578125,179.0,5,37.111439472064376,-113.53571967221797,6.90500020980835,,,25.0,15.0,138.0,440.0,1449.0,2022-10-11 00:53:07,False,,running
9753454041,2022-10-08 10:19:22,running,4.3578547849001765,52.03561604817708,52.48971761067708,190.0,155.078125,169.0,8094.0,1665245962000,86.71789669020785,874.1812133789062,169.0,5,37.12282896973193,-113.5348735190928,345.45098876953125,,,57.0,177.0,122.0,394.0,2345.0,2022-10-08 17:11:51,False,,running
9743007200,2022-10-06 17:21:04,running,2.5427877023733334,31.84629923502604,31.91221720377604,173.0,156.0625,240.0,4950.0,1665098464000,82.21601028990636,857.668212890625,240.0,5,37.11597944609821,-113.53833029977977,110.76799774169922,,,10.0,48.0,421.0,1301.0,118.0,2022-10-06 23:52:58,False,,running
9736898021,2022-10-05 17:20:52,running,2.6246660000178648,30.000150553385417,30.000150553385417,187.0,158.671875,167.0,4764.0,1665012052000,88.58251566426402,867.0145874023438,167.0,4,37.117596650496125,-113.53192803449929,300.0010070800781,,,19.0,106.0,180.0,102.0,1382.0,2022-10-05 23:50:52,False,,running
9726989067,2022-10-04 06:16:29,running,2.5574770388210384,29.966634114583332,31.240299479166666,177.0,157.59375,171.0,4762.0,1664885789000,87.01351390520547,839.3851928710938,171.0,5,37.114713191986084,-113.53191646747291,136.03700256347656,,,42.0,137.0,273.0,962.0,363.0,2022-10-04 12:47:43,False,,running
9724185046,2022-10-03 17:26:04,running,1.869934325513487,24.92508341471354,26.598016357421876,182.0,154.90625,169.0,3858.0,1664839564000,77.94000570286718,835.7649536132812,169.0,2,37.10294919088483,-113.5295236017555,711.6190185546875,,,0.0,0.0,91.0,659.0,747.0,2022-10-03 23:52:39,False,,running
9724087889,2022-10-03 17:15:47,running,0.8082505871972362,9.000083414713542,9.000083414713542,176.0,162.5,171.0,1466.0,1664838947000,88.37424531354576,832.9249877929688,171.0,3,37.11233926936984,-113.5319690220058,120.0009994506836,,,21.0,27.0,75.0,234.0,170.0,2022-10-03 23:24:47,False,,running
9638757141,2022-09-19 17:30:24,running,4.796220811015696,62.19281819661458,63.776249186197916,187.0,156.0625,169.0,9690.0,1663630224000,79.39036312112742,841.5999755859375,169.0,5,37.114946795627475,-113.52080290205777,694.43701171875,,,18.0,57.0,269.0,1265.0,2110.0,2022-09-20 00:34:10,False,,running
9579465418,2022-09-10 07:01:09,running,13.067313308561275,151.96642252604167,151.96642252604167,184.0,161.4375,228.0,24570.0,1662814869000,85.56865602564957,2518.25048828125,228.0,14,37.59739900007844,-112.92821684852242,28.007999420166016,,,10.0,27.0,525.0,7210.0,1347.0,2022-09-10 15:33:06,True,,running
9569450712,2022-09-08 17:19:10,treadmill_running,3.000006080229318,30.63193359375,30.63193359375,177.0,166.921875,176.0,5116.0,1662679150000,105.0808220961261,,176.0,4,,,184.27000427246094,,,13.0,86.0,393.0,918.0,414.0,2022-09-08 23:49:47,False,,treadmill_running
9556710476,2022-09-06 17:35:58,treadmill_running,2.000006177318808,18.85875040690104,18.85875040690104,180.0,164.3125,171.0,3102.0,1662507358000,95.38446010009221,,171.0,2,,,509.3399963378906,,,9.0,55.0,174.0,261.0,612.0,2022-09-06 23:54:49,False,,treadmill_running
9517668892,2022-08-31 17:25:26,treadmill_running,6.000012160458636,61.097049967447916,62.478816731770834,175.0,163.734375,176.0,9986.0,1661988326000,100.23830676271687,,176.0,7,,,130.7100067138672,,,62.0,147.0,1733.0,1565.0,97.0,2022-09-01 00:27:54,True,,treadmill_running
9510986662,2022-08-30 17:26:36,treadmill_running,6.000012160458636,58.52591552734375,58.52591552734375,184.0,163.59375,173.0,9570.0,1661901996000,84.75974542130567,,173.0,6,,,27.70400047302246,,,10.0,33.0,84.0,1565.0,1793.0,2022-08-31 00:25:07,False,,treadmill_running
9504061533,2022-08-29 17:26:46,treadmill_running,4.000009941963787,39.67674967447917,39.67674967447917,187.0,164.34375,169.0,6512.0,1661815606000,85.05745966231405,,169.0,4,,,288.2300109863281,,,28.0,161.0,110.0,847.0,1210.0,2022-08-30 00:06:26,False,,treadmill_running
9481163046,2022-08-26 06:22:36,running,4.002025747938596,49.38693440755208,50.92934977213542,178.0,159.09375,176.0,7882.0,1661516556000,81.88011179435674,836.9246826171875,176.0,5,37.10155427455902,-113.52878867648542,0.5130000114440918,,,101.0,594.0,487.0,1539.0,226.0,2022-08-26 13:13:31,False,,running
9467963828,2022-08-24 06:40:31,running,2.0040824188797894,25.33686726888021,25.33686726888021,180.0,161.46875,175.0,4098.0,1661344831000,78.77153522090349,863.4724731445312,175.0,3,37.1238112449646,-113.53239566087723,3.8489999771118164,,,97.0,238.0,665.0,461.0,51.0,2022-08-24 13:05:51,False,,running
9460957012,2022-08-23 06:25:10,running,4.001174394472268,51.91166585286458,52.354984537760416,187.0,158.609375,173.0,8266.0,1661257510000,78.19054493735013,835.7371826171875,173.0,6,37.10150037892163,-113.52871600538492,15.92199993133545,,,156.0,354.0,292.0,1341.0,951.0,2022-08-23 13:17:31,False,,running
9454829093,2022-08-22 06:25:06,running,3.001690279477923,40.15271809895833,40.49306640625,179.0,158.921875,171.0,6400.0,1661171106000,75.65090287352054,835.69287109375,171.0,4,37.101453775539994,-113.52869018912315,1.2860000133514404,,,48.0,254.0,874.0,839.0,368.0,2022-08-22 13:05:35,False,,running
9418681753,2022-08-16 17:26:56,running,1.0058346778609555,13.974266560872396,13.974266560872396,150.0,158.40625,167.0,2206.0,1660692416000,73.123522893133,836.6427001953125,167.0,2,37.113618263974786,-113.53440245613456,5.824999809265137,,,60.0,381.0,390.0,0.0,0.0,2022-08-16 23:40:54,False,,running
9379242588,2022-08-10 17:21:35,running,0.6336137871469244,7.14155019124349,7.14155019124349,159.0,145.421875,166.0,1058.0,1660173695000,98.18614110248565,834.7821655273438,166.0,1,37.1060729585588,-113.53180205449462,428.4930114746094,,,11.0,146.0,146.0,100.0,0.0,2022-08-10 23:28:43,False,,running
9365446647,2022-08-08 17:52:43,treadmill_running,5.000012560952782,54.37356770833333,56.07588297526042,180.0,159.3125,171.0,8642.0,1660002763000,87.65336808240059,,171.0,5,,,471.0409851074219,,,31.0,125.0,366.0,2153.0,565.0,2022-08-09 00:48:47,False,,treadmill_running
9339634857,2022-08-04 17:38:39,treadmill_running,4.000012354637616,47.30008138020833,47.30008138020833,174.0,157.5625,165.0,7424.0,1659656319000,90.97909613959558,,165.0,5,,,144.83799743652344,,,191.0,329.0,435.0,1671.0,182.0,2022-08-05 00:25:57,False,,treadmill_running
9333142230,2022-08-03 17:26:03,treadmill_running,4.000012354637616,43.84925130208333,43.84925130208333,179.0,160.578125,176.0,7020.0,1659569163000,71.11633405841285,,176.0,4,,,95.5770034790039,,,51.0,143.0,204.0,283.0,1938.0,2022-08-04 00:09:53,False,,treadmill_running
9326407551,2022-08-02 17:32:54,treadmill_running,4.000009941963787,46.324650065104166,47.013651529947914,178.0,156.265625,167.0,7212.0,1659483174000,70.55002702862035,,167.0,4,,,147.02699279785156,,,24.0,341.0,347.0,1524.0,447.0,2022-08-03 00:19:54,False,,treadmill_running
9287650204,2022-07-27 17:37:07,running,2.030291878435026,24.43973388671875,26.92874959309896,170.0,157.65625,173.0,3858.0,1658965027000,84.76599646200754,835.700439453125,173.0,3,37.10082697682083,-113.52941891178489,21.038000106811523,,,61.0,293.0,525.0,567.0,0.0,2022-07-28 00:04:02,False,,running
9274287151,2022-07-25 17:36:05,treadmill_running,2.000006177318808,21.366017659505207,21.366017659505207,174.0,160.453125,166.0,3434.0,1658792165000,93.763450955383,,166.0,2,,,638.0390014648438,,,22.0,78.0,475.0,564.0,117.0,2022-07-25 23:57:26,False,,treadmill_running
9249440580,2022-07-21 17:58:36,treadmill_running,4.000012354637616,44.08036702473958,44.08036702473958,189.0,159.859375,184.0,7088.0,1658447916000,88.63970410979076,,184.0,4,,,558.3629760742188,,,46.0,103.0,613.0,981.0,873.0,2022-07-22 00:42:40,False,,treadmill_running
9236925923,2022-07-19 17:31:46,treadmill_running,8.0000186411821,87.336181640625,87.336181640625,176.0,160.171875,169.0,13994.0,1658273506000,94.54868834838504,,169.0,9,,,127.3949966430664,,,49.0,262.0,1789.0,2422.0,695.0,2022-07-20 00:59:06,False,,treadmill_running
9230965730,2022-07-18 17:29:19,treadmill_running,4.000012354637616,42.57019856770833,42.57019856770833,176.0,160.46875,171.0,6828.0,1658186959000,115.82892095182041,,171.0,5,,,481.66900634765625,,,27.0,59.0,227.0,1269.0,945.0,2022-07-19 00:11:53,False,,treadmill_running
9230965202,2022-07-16 16:17:30,running,0.0,18.36290079752604,18.36290079752604,,0.0,0.0,0.0,1658009850000,,,0.0,1,,,1101.7740478515625,,,,,,,,2022-07-16 22:35:51,False,,running
9205406891,2022-07-14 17:30:40,running,2.002796134838272,23.33969930013021,24.24648234049479,170.0,157.15625,177.0,3680.0,1657841440000,87.85858798546914,839.443359375,177.0,3,37.11674228310585,-113.51862058974802,1.4819999933242798,,,34.0,80.0,448.0,816.0,0.0,2022-07-14 23:54:54,False,,running
9199067161,2022-07-13 17:16:39,running,2.004125957448007,26.644183349609374,26.644183349609374,175.0,153.5625,160.0,4062.0,1657754199000,78.76013831185192,835.7155151367188,160.0,3,37.10246832109988,-113.53360835462809,2.9100000858306885,,,73.0,258.0,226.0,989.0,34.0,2022-07-13 23:43:17,False,,running
9186111708,2022-07-11 17:31:47,treadmill_running,6.000012160458636,64.0697509765625,64.0697509765625,182.0,159.140625,184.0,10156.0,1657582307000,86.46463500398337,,184.0,6,,,340.8380126953125,,,22.0,57.0,275.0,1866.0,1599.0,2022-07-12 00:35:51,False,,treadmill_running
9155098258,2022-07-06 17:46:31,treadmill_running,4.000012354637616,43.162548828125,43.162548828125,179.0,159.6875,171.0,6870.0,1657151191000,97.12119961469412,,171.0,5,,,88.27100372314453,,,23.0,144.0,575.0,1600.0,219.0,2022-07-07 00:29:40,False,,treadmill_running
9148662651,2022-07-05 17:37:40,treadmill_running,6.000012160458636,66.73133138020833,67.03290201822917,181.0,158.015625,173.0,10514.0,1657064260000,99.03399025402315,,173.0,7,,,277.96600341796875,,,11.0,53.0,279.0,2974.0,655.0,2022-07-06 00:44:41,False,,treadmill_running
9129213225,2022-07-02 16:00:26,treadmill_running,5.250013048827471,51.727001953125,51.727001953125,183.0,163.375,171.0,8448.0,1656799226000,104.04157636628442,,171.0,6,,,236.9080047607422,,,23.0,142.0,354.0,1476.0,1083.0,2022-07-02 22:52:09,False,,treadmill_running
9111822446,2022-06-29 17:35:47,treadmill_running,6.000012160458636,62.98806559244792,62.98806559244792,179.0,163.203125,175.0,10242.0,1656545747000,76.44341454696738,,175.0,5,,,638.343017578125,,,10.0,109.0,408.0,2968.0,279.0,2022-06-30 00:38:46,False,,treadmill_running
9098942305,2022-06-27 17:26:40,treadmill_running,6.000014912945681,73.61383463541667,73.88143717447916,186.0,150.140625,169.0,11200.0,1656372400000,78.52600197675248,,169.0,6,,,301.6960144042969,,,16.0,97.0,320.0,1646.0,2307.0,2022-06-28 00:40:32,False,,treadmill_running
9074670009,2022-06-23 17:47:24,treadmill_running,4.000012354637616,41.65481770833333,41.65481770833333,185.0,161.5625,180.0,6740.0,1656028044000,89.18171646142495,,180.0,4,,,503.1619873046875,,,17.0,51.0,27.0,246.0,2130.0,2022-06-24 00:29:03,False,,treadmill_running
8999253447,2022-06-11 20:50:16,treadmill_running,3.2559497531790984,33.640700276692705,33.640700276692705,178.0,163.75,171.0,5524.0,1655002216000,95.11777989053368,,171.0,4,,,166.8679962158203,,,25.0,93.0,288.0,953.0,648.0,2022-06-12 03:23:54,False,,treadmill_running
8986665407,2022-06-09 17:38:44,treadmill_running,4.311183563603714,45.79178466796875,46.19711507161458,190.0,160.375,180.0,7348.0,1654817924000,94.29711228339802,,180.0,5,,,264.0039978027344,,,25.0,97.0,194.0,618.0,1813.0,2022-06-10 00:24:55,False,,treadmill_running
8980597436,2022-06-08 17:32:44,treadmill_running,3.000006080229318,32.161582438151044,32.161582438151044,180.0,162.6875,176.0,5238.0,1654731164000,84.55887721499586,,176.0,3,,,539.6209716796875,,,27.0,177.0,212.0,312.0,1176.0,2022-06-09 00:04:53,False,,treadmill_running
8974343675,2022-06-07 17:55:43,running,0.7427019832761412,7.126250203450521,7.126250203450521,174.0,162.328125,173.0,1176.0,1654646143000,103.3255083662819,840.0569458007812,173.0,1,37.11362320929766,-113.53424781002104,427.57501220703125,,,8.0,28.0,50.0,218.0,112.0,2022-06-08 00:02:50,False,,running
8943136024,2022-06-02 18:44:08,treadmill_running,3.000006080229318,29.74246622721354,29.74246622721354,187.0,163.875,176.0,4868.0,1654217048000,98.56556642722991,,176.0,3,,,568.6510009765625,,,18.0,35.0,177.0,264.0,1265.0,2022-06-03 01:13:52,False,,treadmill_running
8899792588,2022-05-26 18:06:31,treadmill_running,2.000006177318808,19.016367594401043,19.016367594401043,183.0,165.71875,190.0,3152.0,1653609991000,109.23394397098565,,190.0,3,,,72.68900299072266,,,12.0,24.0,74.0,504.0,510.0,2022-05-27 00:25:31,False,,treadmill_running
8893338909,2022-05-25 18:01:57,running,0.6934519741011844,7.440116882324219,7.440116882324219,177.0,158.96875,169.0,1192.0,1653523317000,94.35668553633833,859.0,169.0,1,37.11361809633672,-113.5342225804925,446.4070129394531,,,0.0,31.0,74.0,150.0,192.0,2022-05-26 00:09:23,False,,running
8893302592,2022-05-25 17:36:54,treadmill_running,2.000006177318808,20.528633626302085,20.528633626302085,184.0,163.671875,180.0,3374.0,1653521814000,89.01953305428138,,180.0,2,,,564.5770263671875,,,2.0,37.0,27.0,629.0,537.0,2022-05-25 23:57:25,False,,treadmill_running
8893232972,2022-05-25 17:26:11,running,0.6857718161783325,7.99155019124349,7.99155019124349,171.0,155.765625,167.0,1246.0,1653521171000,88.65939938357077,859.4654541015625,167.0,1,37.11713891476393,-113.54169010184705,479.4930114746094,,,14.0,37.0,138.0,265.0,0.0,2022-05-25 23:34:10,False,,running
8846807845,2022-05-18 06:11:20,running,4.002193530713678,46.96840006510417,47.19593505859375,182.0,159.328125,176.0,7502.0,1652875880000,86.07828794609584,836.6837158203125,176.0,5,37.10152585990727,-113.52884869091213,1.7280000448226929,,,63.0,271.0,811.0,1231.0,416.0,2022-05-18 12:58:31,False,,running
8844014955,2022-05-17 17:58:22,treadmill_running,4.000012354637616,43.339701334635414,43.339701334635414,190.0,161.15625,182.0,6970.0,1652831902000,91.02996114736077,,182.0,4,,,612.3150024414062,,,26.0,375.0,325.0,734.0,1114.0,2022-05-18 00:41:42,False,,treadmill_running
8837304962,2022-05-16 17:28:09,treadmill_running,4.000012354637616,43.87484944661458,43.87484944661458,182.0,160.40625,182.0,7024.0,1652743689000,109.35478835705051,,182.0,5,,,434.156005859375,,,21.0,30.0,119.0,1006.0,1444.0,2022-05-17 00:12:01,False,,treadmill_running
8831305517,2022-05-15 17:08:49,running,0.0,7.891499837239583,7.934483337402344,,0.0,0.0,0.0,1652656129000,,,0.0,1,,,473.489990234375,,,,,,,,2022-05-15 23:16:45,False,,running
8812416578,2022-05-12 17:40:48,running,4.004063717016758,50.383784993489584,52.42469889322917,180.0,152.234375,190.0,7832.0,1652398848000,83.93719775746399,839.4913330078125,190.0,5,37.11276448331773,-113.53221897035837,1.8300000429153442,,,52.0,392.0,787.0,1291.0,478.0,2022-05-13 00:33:13,False,,running
8799711738,2022-05-10 17:19:20,running,4.00446754861465,46.95051676432292,48.82045084635417,183.0,159.734375,190.0,7518.0,1652224760000,85.89043667562925,874.5211181640625,190.0,5,37.11741124279797,-113.5470274463296,1.8760000467300415,,,31.0,72.0,458.0,1467.0,776.0,2022-05-11 00:08:09,False,,running
8793065103,2022-05-09 17:54:21,treadmill_running,4.000012354637616,42.14578450520833,42.14578450520833,184.0,166.75,184.0,7026.0,1652140461000,95.66060361438112,,184.0,5,,,111.7020034790039,,,23.0,156.0,246.0,350.0,1728.0,2022-05-10 00:36:29,False,,treadmill_running
8749371895,2022-05-02 17:12:56,running,4.267998158406552,57.23263346354167,61.547998046875,184.0,157.875,190.0,9080.0,1651533176000,75.96200128051576,835.7537841796875,190.0,5,37.08727947436273,-113.54016300290823,198.1719970703125,,,84.0,312.0,931.0,1249.0,842.0,2022-05-03 00:14:28,False,,running
8701346769,2022-04-24 22:00:35,running,0.03275877143468946,12.743766276041667,12.743766276041667,,0.828125,92.0,8.0,1650859235000,499.55316887907816,837.0753173828125,92.0,1,37.11396401748061,-113.53396399877965,764.6259765625,,,,,,,,2022-04-25 04:13:19,False,,running
8664726117,2022-04-18 17:25:37,running,5.998049132330645,76.43495279947916,77.64546712239583,181.0,160.234375,190.0,12256.0,1650324337000,78.75983372169767,835.5502319335938,190.0,6,37.10163541138172,-113.52845071814954,676.6370239257812,,,18.0,240.0,421.0,2415.0,1472.0,2022-04-19 00:43:15,False,,running
8628685475,2022-04-12 17:36:21,treadmill_running,5.000012560952782,56.260233561197914,56.260233561197914,182.0,167.265625,190.0,9420.0,1649806581000,73.48641578063994,,190.0,5,,,235.5050048828125,,,60.0,404.0,570.0,1480.0,830.0,2022-04-13 00:32:36,False,,treadmill_running
8594136883,2022-04-06 17:40:49,running,5.150652062724471,60.63288167317708,61.5837646484375,172.0,162.15625,190.0,9858.0,1649288449000,84.23332153364632,857.6612548828125,190.0,6,37.11029718630016,-113.54321477003396,112.16000366210938,,,20.0,130.0,1381.0,2080.0,0.0,2022-04-07 00:42:24,False,,running
8588214232,2022-04-05 17:16:19,running,3.189729866455348,39.80781656901042,39.87646484375,187.0,159.703125,203.0,6372.0,1649200579000,80.78898362586432,855.0120239257812,203.0,4,37.102574268355966,-113.5333985555917,107.16699981689453,,,14.0,78.0,251.0,1911.0,119.0,2022-04-05 23:56:11,False,,running
8582422718,2022-04-04 17:27:17,running,5.003902208649975,59.134716796875,61.6197509765625,181.0,155.9375,182.0,9234.0,1649114837000,87.2636720648395,857.9052734375,182.0,6,37.11228218860924,-113.54316506534815,1.8650000095367432,,,31.0,76.0,155.0,2091.0,1201.0,2022-04-05 00:28:54,False,,running
8560491444,2022-03-31 17:44:07,treadmill_running,5.000012560952782,53.47209879557292,53.47209879557292,180.0,158.734375,171.0,8444.0,1648770247000,87.41898516504199,,171.0,5,,,422.2969970703125,,,23.0,48.0,287.0,2691.0,132.0,2022-04-01 00:37:35,False,,treadmill_running
8555248733,2022-03-30 17:35:44,treadmill_running,3.8900108725665494,43.34046630859375,43.34046630859375,188.0,157.34375,173.0,6820.0,1648683344000,98.4378490851091,,173.0,5,,,92.3270034790039,,,0.0,0.0,0.0,358.0,2243.0,2022-03-31 00:19:04,False,,treadmill_running
8543466827,2022-03-28 17:25:29,treadmill_running,4.000012354637616,41.3816650390625,41.3816650390625,183.0,152.453125,167.0,6464.0,1648509929000,98.6297109949455,,167.0,4,,,570.3270263671875,,,17.0,45.0,174.0,428.0,1784.0,2022-03-29 00:06:51,False,,treadmill_running
8513103680,2022-03-23 17:18:21,treadmill_running,2.000006177318808,19.80301717122396,19.80301717122396,175.0,159.921875,166.0,3170.0,1648077501000,105.04127997320477,,166.0,3,,,38.071998596191406,,,33.0,29.0,233.0,703.0,186.0,2022-03-23 23:38:09,False,,treadmill_running
8476943173,2022-03-17 17:49:08,treadmill_running,4.000012354637616,42.06070149739583,42.06070149739583,181.0,159.078125,163.0,6702.0,1647560948000,93.3071551386357,,163.0,4,,,531.2080078125,,,10.0,67.0,345.0,1406.0,657.0,2022-03-18 00:31:11,False,,treadmill_running
8453895700,2022-03-13 21:21:04,running,0.0,1.9982499440511068,2.5706832885742186,,0.0,0.0,0.0,1647231664000,,,0.0,1,,,119.8949966430664,,,,,,,,2022-03-14 04:23:38,False,,running
8435751404,2022-03-10 17:25:29,treadmill_running,4.000012354637616,40.729451497395836,40.729451497395836,182.0,160.359375,167.0,6508.0,1646958329000,98.16811083895097,,167.0,4,,,598.9829711914062,,,24.0,64.0,186.0,672.0,1465.0,2022-03-11 01:06:12,False,,treadmill_running
8417943243,2022-03-07 17:28:28,treadmill_running,3.000006080229318,29.770817057291666,29.770817057291666,174.0,160.453125,169.0,4768.0,1646699308000,96.74497674842316,,169.0,3,,,539.4539794921875,,,20.0,83.0,302.0,1291.0,59.0,2022-03-08 00:58:14,False,,treadmill_running
8383081038,2022-03-01 17:34:02,treadmill_running,4.004821925253521,41.284281412760414,41.3593505859375,181.0,158.328125,166.0,6540.0,1646181242000,98.58825969705404,,166.0,5,,,2.2799999713897705,,,20.0,97.0,224.0,795.0,1311.0,2022-03-02 01:15:23,False,,treadmill_running
8354330125,2022-02-24 17:57:35,treadmill_running,3.000006080229318,31.393117268880207,31.393117268880207,166.0,160.625,167.0,5056.0,1645750655000,94.42733634383032,,167.0,3,,,596.344970703125,,,23.0,135.0,815.0,876.0,0.0,2022-02-25 01:28:58,False,,treadmill_running
8349050953,2022-02-23 17:33:19,treadmill_running,4.000012354637616,41.676883951822916,41.676883951822916,179.0,159.40625,169.0,6652.0,1645662799000,94.78579862755268,,169.0,4,,,556.093017578125,,,22.0,187.0,456.0,1255.0,563.0,2022-02-24 01:14:59,False,,treadmill_running
8315160390,2022-02-17 17:51:10,treadmill_running,3.000006080229318,29.427866617838543,29.427866617838543,178.0,162.53125,175.0,4788.0,1645145470000,101.95158091090642,,175.0,4,,,12.814000129699707,,,21.0,25.0,151.0,1495.0,22.0,2022-02-18 01:20:35,False,,treadmill_running
8309723573,2022-02-16 18:02:40,treadmill_running,2.8500067622829857,30.051515706380208,30.067667643229168,172.0,159.6875,171.0,4772.0,1645059760000,98.62191499435086,,171.0,3,,,560.7839965820312,,,0.0,0.0,523.0,1280.0,0.0,2022-02-17 01:32:44,False,,treadmill_running
8304005043,2022-02-15 17:41:20,treadmill_running,4.000012354637616,38.40401611328125,38.40401611328125,178.0,163.171875,169.0,6256.0,1644972080000,103.34619253889079,,169.0,5,,,13.72599983215332,,,20.0,47.0,194.0,1091.0,945.0,2022-02-16 01:19:44,False,,treadmill_running
8298135389,2022-02-14 18:06:30,treadmill_running,2.000006177318808,18.922200520833332,18.922200520833332,179.0,162.359375,169.0,3072.0,1644887190000,107.26854078075128,,169.0,3,,,25.121999740600586,,,18.0,83.0,192.0,448.0,366.0,2022-02-15 01:25:25,False,,treadmill_running
8286326107,2022-02-12 16:10:57,running,0.0,12.928949991861979,41.82606608072917,,0.0,0.0,0.0,1644707457000,,837.4013061523438,0.0,1,37.11378498002887,-113.53451854549348,775.7369995117188,,,,,,,,2022-02-12 23:52:46,False,,running
8269067477,2022-02-09 17:55:48,treadmill_running,2.000006177318808,18.295817057291668,18.295817057291668,178.0,164.375,173.0,3012.0,1644454548000,101.49533085581422,,173.0,2,,,492.9159851074219,,,18.0,50.0,221.0,542.0,239.0,2022-02-10 01:14:05,False,,treadmill_running
8262838647,2022-02-08 17:18:47,treadmill_running,4.000012354637616,38.34841715494792,38.34841715494792,178.0,164.15625,173.0,6298.0,1644365927000,97.79678122024362,,173.0,4,,,484.9410095214844,,,16.0,85.0,298.0,1707.0,164.0,2022-02-09 00:57:07,False,,treadmill_running
8256681140,2022-02-07 17:16:52,treadmill_running,5.000012560952782,50.2420654296875,50.2420654296875,182.0,162.703125,171.0,8182.0,1644279412000,100.36591701624408,,171.0,6,,,55.215999603271484,,,33.0,38.0,207.0,2044.0,656.0,2022-02-08 01:07:06,False,,treadmill_running
8238999485,2022-02-04 17:04:28,treadmill_running,3.000006080229318,30.134415690104166,30.134415690104166,182.0,160.703125,175.0,4842.0,1644019468000,98.61558032911162,,175.0,3,,,574.5369873046875,,,21.0,40.0,152.0,769.0,801.0,2022-02-05 00:34:36,False,,treadmill_running
8234133569,2022-02-03 17:32:05,treadmill_running,4.030012400269676,40.98584798177083,40.98584798177083,175.0,158.65625,167.0,6518.0,1643934725000,97.60148707068231,,167.0,4,,,601.0130004882812,,,38.0,45.0,283.0,1893.0,164.0,2022-02-04 01:13:04,False,,treadmill_running
8216916332,2022-01-31 17:47:36,treadmill_running,4.000012354637616,41.663883463541666,41.663883463541666,175.0,160.8125,167.0,6694.0,1643676456000,131.18280170174896,,167.0,6,,,210.0780029296875,,,18.0,91.0,208.0,2092.0,49.0,2022-02-01 01:29:15,True,,treadmill_running
8199454138,2022-01-28 17:51:14,running,3.0538045803132032,33.174932861328124,34.82716471354167,176.0,159.0625,188.0,5280.0,1643417474000,93.10854257854834,837.0918579101562,188.0,4,37.113262452185154,-113.53380222804844,28.107999801635742,,,55.0,266.0,411.0,1217.0,43.0,2022-01-29 01:26:03,False,,running
8194377774,2022-01-27 17:50:47,treadmill_running,4.000012354637616,41.790966796875,41.790966796875,178.0,160.8125,169.0,6740.0,1643331047000,64.71582828754211,,169.0,3,,,644.7949829101562,,,35.0,41.0,202.0,1924.0,273.0,2022-01-28 01:32:34,False,,treadmill_running
8183235601,2022-01-25 18:28:11,treadmill_running,3.0000074564728405,31.403399658203124,31.403399658203124,174.0,160.265625,169.0,5048.0,1643160491000,64.03461673677255,,169.0,3,,,1.8539999723434448,,,39.0,155.0,548.0,1019.0,86.0,2022-01-26 01:59:35,False,,treadmill_running
8177166907,2022-01-24 17:54:39,treadmill_running,4.000009941963787,45.08149820963542,45.22383219401042,181.0,151.640625,169.0,6980.0,1643072079000,63.92403184698323,,169.0,3,,,709.5050048828125,,,138.0,168.0,180.0,1782.0,391.0,2022-01-25 01:39:52,False,,treadmill_running
8159177842,2022-01-21 17:35:27,treadmill_running,2.7459019497123047,44.621484375,44.621484375,179.0,157.109375,164.0,7026.0,1642811727000,63.0420476265099,,164.0,3,,,710.2030029296875,,,22.0,65.0,274.0,1494.0,784.0,2022-01-22 01:20:04,False,,treadmill_running
8154147672,2022-01-20 17:40:02,treadmill_running,2.8407732483696733,45.2146484375,45.48341471354167,190.0,156.734375,166.0,7096.0,1642725602000,64.51376847035684,,166.0,3,,,772.39599609375,,,58.0,404.0,67.0,292.0,1861.0,2022-01-21 01:25:31,False,,treadmill_running
8142870559,2022-01-18 17:34:25,treadmill_running,2.0704946641558033,32.269266764322914,32.269266764322914,187.0,158.734375,167.0,5132.0,1642552465000,65.05565368691008,,167.0,3,,,64.697998046875,,,24.0,42.0,53.0,279.0,1496.0,2022-01-19 01:06:41,False,,treadmill_running
8136887621,2022-01-17 17:47:08,treadmill_running,1.3880782759256125,23.570733642578126,23.570733642578126,185.0,145.453125,163.0,3468.0,1642466828000,65.42257052850722,,163.0,2,,,441.1239929199219,,,21.0,73.0,212.0,278.0,763.0,2022-01-18 01:10:42,False,,treadmill_running
8068311671,2022-01-05 17:54:08,treadmill_running,1.4731380747989082,21.0003173828125,21.0003173828125,184.0,152.5625,167.0,3232.0,1641430448000,74.00808477826666,,167.0,2,,,436.1629943847656,,,7.0,33.0,65.0,192.0,919.0,2022-01-06 01:15:08,False,,treadmill_running
8062734665,2022-01-04 17:36:40,treadmill_running,1.4744243588404253,20.906199137369793,20.906199137369793,186.0,156.609375,167.0,3302.0,1641343000000,72.45268339073422,,167.0,2,,,421.6570129394531,,,45.0,112.0,249.0,39.0,725.0,2022-01-05 00:57:34,False,,treadmill_running
8056961521,2022-01-03 17:41:02,treadmill_running,1.3987535687669326,21.876283772786458,21.876283772786458,184.0,156.6875,167.0,3434.0,1641256862000,65.66521440148937,,167.0,2,,,356.54901123046875,,,40.0,283.0,294.0,53.0,595.0,2022-01-04 01:02:54,False,,treadmill_running
7997555480,2021-12-22 17:35:16,treadmill_running,1.9822536674583993,30.00838419596354,30.00838419596354,183.0,159.90625,167.0,4804.0,1640219716000,66.47028814541957,,167.0,2,,,869.9719848632812,,,37.0,88.0,133.0,381.0,1109.0,2021-12-23 01:05:16,False,,treadmill_running
7993243899,2021-12-21 17:49:18,treadmill_running,1.37370599734402,22.02034912109375,22.03981730143229,178.0,157.421875,165.0,3486.0,1640134158000,63.78100282612008,,165.0,2,,,348.4519958496094,,,36.0,143.0,188.0,701.0,216.0,2021-12-22 01:11:20,False,,treadmill_running
7970786239,2021-12-16 17:59:29,treadmill_running,1.3592963999896697,22.25233357747396,22.25233357747396,186.0,152.578125,166.0,3418.0,1639702769000,64.40809492775473,,166.0,2,,,394.7550048828125,,,38.0,110.0,252.0,69.0,837.0,2021-12-17 01:21:44,False,,treadmill_running
7961679768,2021-12-14 17:32:03,treadmill_running,0.6847403161971678,10.797749837239584,10.797749837239584,178.0,151.421875,167.0,1644.0,1639528323000,67.39874715888465,,167.0,1,,,647.864990234375,,,46.0,73.0,152.0,124.0,187.0,2021-12-15 00:42:50,False,,treadmill_running
7942712438,2021-12-10 17:30:45,treadmill_running,1.3079709512614643,29.217732747395832,29.22705078125,184.0,113.46875,172.0,3476.0,1639182645000,56.208852421663714,,172.0,4,,,1.4910000562667847,,,449.0,318.0,84.0,55.0,837.0,2021-12-11 00:59:58,False,,treadmill_running
7929602899,2021-12-07 17:54:44,treadmill_running,0.6940236643253213,9.781683349609375,9.781683349609375,185.0,157.03125,171.0,1556.0,1638924884000,72.71473021301841,,171.0,1,,,586.9010009765625,,,22.0,233.0,101.0,10.0,170.0,2021-12-08 01:04:30,False,,treadmill_running
7924940138,2021-12-06 17:52:13,treadmill_running,0.6576236008676305,9.94016621907552,9.94016621907552,182.0,156.46875,166.0,1574.0,1638838333000,68.04620932225916,,166.0,1,,,596.4099731445312,,,15.0,276.0,30.0,63.0,184.0,2021-12-07 01:02:09,False,,treadmill_running
7914699299,2021-12-04 12:37:24,treadmill_running,1.3557421661403122,21.89051717122396,21.89051717122396,182.0,157.15625,166.0,3466.0,1638646644000,63.42115589657975,,166.0,2,,,337.1090087890625,,,29.0,48.0,181.0,425.0,593.0,2021-12-04 19:59:17,False,,treadmill_running
7906507317,2021-12-02 18:00:04,treadmill_running,0.7006723222670086,10.665183512369792,10.665183512369792,184.0,148.25,171.0,1628.0,1638493204000,71.31809491885383,,171.0,1,,,639.9110107421875,,,57.0,191.0,102.0,80.0,201.0,2021-12-03 01:10:43,False,,treadmill_running
7901853254,2021-12-01 17:29:11,treadmill_running,0.6811860823478103,10.571117146809895,10.571117146809895,181.0,154.625,169.0,1656.0,1638404951000,67.0676321417649,,169.0,1,,,634.2670288085938,,,31.0,143.0,142.0,70.0,224.0,2021-12-02 00:39:45,False,,treadmill_running
7897167838,2021-11-30 17:22:17,treadmill_running,0.6768923754992342,10.381583658854167,10.381583658854167,182.0,152.578125,171.0,1626.0,1638318137000,68.77198287229234,,171.0,1,,,622.89501953125,,,49.0,35.0,271.0,23.0,207.0,2021-12-01 00:32:39,False,,treadmill_running
7892449145,2021-11-29 17:51:01,treadmill_running,0.6929486257759392,10.417566935221354,10.417566935221354,181.0,156.84375,166.0,1658.0,1638233461000,68.25199128626308,,166.0,1,,,625.0540161132812,,,60.0,202.0,97.0,12.0,229.0,2021-11-30 01:01:26,False,,treadmill_running
7835484453,2021-11-17 17:32:17,treadmill_running,0.6999950472223863,9.798033650716146,9.798033650716146,188.0,160.28125,175.0,1574.0,1637195537000,71.73335204164309,,175.0,1,,,587.8820190429688,,,12.0,38.0,97.0,130.0,278.0,2021-11-18 00:42:04,False,,treadmill_running
7800190684,2021-11-10 17:57:18,treadmill_running,0.7086818259445643,10.153800455729167,10.153800455729167,181.0,160.296875,178.0,1650.0,1636592238000,70.07214646390243,,178.0,1,,,609.22802734375,,,10.0,20.0,56.0,105.0,383.0,2021-11-11 01:07:27,False,,treadmill_running
7795055006,2021-11-09 17:41:08,treadmill_running,0.6604508771598528,10.687583414713542,10.687583414713542,180.0,155.8125,169.0,1672.0,1636504868000,63.82730594400138,,169.0,1,,,641.2550048828125,,,11.0,45.0,140.0,163.0,246.0,2021-11-10 00:51:49,False,,treadmill_running
7768851090,2021-11-04 17:49:49,treadmill_running,0.6310040140678788,10.293883260091146,10.803367106119792,179.0,155.25,167.0,1632.0,1636069789000,63.54319974942527,,167.0,1,,,617.6329956054688,,,18.0,41.0,315.0,43.0,177.0,2021-11-05 00:00:37,False,,treadmill_running
7763908188,2021-11-03 17:38:19,treadmill_running,0.6622093346981527,11.16886698404948,11.16886698404948,181.0,146.15625,169.0,1652.0,1635982699000,65.28547884568636,,169.0,1,,,670.1320190429688,,,74.0,70.0,232.0,58.0,186.0,2021-11-03 23:49:29,False,,treadmill_running
7736979112,2021-10-29 17:36:27,treadmill_running,0.640778195079194,11.707100423177083,11.707100423177083,176.0,140.953125,169.0,1764.0,1635550587000,62.49301501686965,,169.0,1,,,702.426025390625,,,24.0,87.0,279.0,201.0,73.0,2021-10-29 23:48:09,False,,treadmill_running
7732477556,2021-10-28 17:48:32,treadmill_running,0.7162563231957666,10.79114990234375,10.79114990234375,180.0,160.546875,169.0,1744.0,1635464912000,66.53446862213166,,169.0,1,,,647.468994140625,,,47.0,157.0,187.0,46.0,178.0,2021-10-28 23:59:19,False,,treadmill_running
7722287655,2021-10-26 17:39:44,running,0.0004784569953686068,41.55043131510417,66.3135009765625,92.0,0.0,0.0,0.0,1635291584000,,836.0731811523438,0.0,1,37.11369470693171,-113.5341427847743,2493.02587890625,,,0.0,0.0,0.0,0.0,0.0,2021-10-27 00:46:02,False,,running
7716709495,2021-10-25 17:31:06,treadmill_running,0.6124001128155603,10.127316284179688,10.127316284179688,172.0,155.5,166.0,1602.0,1635204666000,62.583277122179695,,166.0,1,,,607.6389770507812,,,22.0,52.0,82.0,414.0,13.0,2021-10-25 23:41:13,False,,treadmill_running
7696112121,2021-10-21 18:32:20,treadmill_running,0.6433941500281172,10.410166422526041,10.410166422526041,174.0,154.3125,166.0,1628.0,1634862740000,64.45641307794993,,166.0,1,,,624.6099853515625,,,63.0,47.0,208.0,218.0,56.0,2021-10-22 00:42:44,False,,treadmill_running
7691079032,2021-10-20 17:37:12,treadmill_running,0.6552499903881405,10.849683634440105,10.849683634440105,178.0,150.265625,169.0,1644.0,1634773032000,64.68120649222865,,169.0,1,,,650.9810180664062,,,34.0,323.0,69.0,22.0,150.0,2021-10-20 23:48:02,False,,treadmill_running
7680115364,2021-10-18 17:23:00,running,0.6477127360585317,10.197499593098959,10.197499593098959,181.0,156.34375,171.0,1620.0,1634599380000,65.38167180543184,,171.0,1,,,611.8499755859375,,,11.0,87.0,171.0,192.0,125.0,2021-10-18 23:33:11,False,,running
7653409976,2021-10-13 17:25:01,treadmill_running,0.6163644739094326,10.360366821289062,10.43181660970052,181.0,152.40625,165.0,1602.0,1634167501000,62.82138327069258,,165.0,1,,,621.6220092773438,,,20.0,46.0,66.0,271.0,161.0,2021-10-13 23:35:26,False,,treadmill_running
7620594987,2021-10-07 17:25:36,treadmill_running,0.29736413533410827,5.0724334716796875,5.0724334716796875,140.0,150.609375,161.0,772.0,1633649136000,62.64234794899083,,161.0,1,,,304.34600830078125,,,30.0,167.0,70.0,0.0,0.0,2021-10-07 23:30:40,False,,treadmill_running
7587184610,2021-10-01 17:37:51,treadmill_running,0.6499683221266171,11.21480000813802,11.21480000813802,170.0,144.296875,166.0,1730.0,1633131471000,64.63853985026357,,166.0,1,,,672.8880004882812,,,30.0,61.0,182.0,352.0,0.0,2021-10-01 23:49:03,False,,treadmill_running
7571584300,2021-09-28 17:50:38,treadmill_running,0.7269936622893547,12.007999674479167,12.007999674479167,176.0,154.640625,162.0,1860.0,1632873038000,63.00632758237802,,162.0,1,,,720.47998046875,,,18.0,179.0,218.0,135.0,137.0,2021-09-29 00:02:38,False,,treadmill_running
7563601034,2021-09-26 19:44:03,running,0.0028334596435678856,4.047816721598307,4.08191655476888,,1.640625,106.0,6.0,1632707043000,68.66488103873101,,106.0,1,,,242.86900329589844,,,,,,,,2021-09-27 01:48:07,False,,running
7537415473,2021-09-22 18:18:27,treadmill_running,0.5778766450843204,8.895332845052083,8.895332845052083,179.0,155.453125,169.0,1390.0,1632356307000,67.25449074605159,,169.0,1,,,533.719970703125,,,129.0,258.0,6.0,5.0,87.0,2021-09-23 00:27:20,False,,treadmill_running
7531639883,2021-09-21 17:52:12,treadmill_running,0.7224141482542922,12.157366943359374,12.157366943359374,171.0,146.21875,183.0,1824.0,1632268332000,65.40206436211867,,183.0,1,,,729.4420166015625,,,37.0,95.0,217.0,357.0,0.0,2021-09-22 00:04:21,False,,treadmill_running
7522314640,2021-09-20 06:21:12,treadmill_running,0.1099829743870158,3.513550059000651,3.558233388264974,119.0,88.375,162.0,364.0,1632140472000,57.00299755750916,,162.0,1,,,210.81300354003906,,,156.0,35.0,0.0,0.0,0.0,2021-09-20 12:24:45,False,,treadmill_running
7454019609,2021-09-08 18:08:41,treadmill_running,0.15241651440101708,2.1727834065755207,2.1727834065755207,181.0,160.671875,163.0,346.0,1631146121000,70.26248952923686,,163.0,1,,,130.36700439453125,,,0.0,2.0,28.0,11.0,89.0,2021-09-09 00:10:51,False,,treadmill_running
7411017166,2021-09-01 18:01:17,running,0.6960182465375946,10.751683553059896,10.79481709798177,190.0,155.734375,169.0,1688.0,1630540877000,66.89712795691668,,169.0,1,,,645.1010131835938,,,31.0,69.0,74.0,160.0,310.0,2021-09-02 00:12:04,False,,running
7404996400,2021-08-31 17:59:46,treadmill_running,0.7042265561163661,10.858083089192709,10.858083089192709,184.0,158.265625,166.0,1732.0,1630454386000,65.95085740894335,,166.0,1,,,651.4849853515625,,,114.0,343.0,6.0,9.0,154.0,2021-09-01 00:10:37,False,,treadmill_running
7398864413,2021-08-30 18:07:16,treadmill_running,0.6903699895997738,10.04931640625,10.04931640625,183.0,156.421875,169.0,1610.0,1630368436000,70.67986353925215,,169.0,1,,,602.958984375,,,14.0,31.0,79.0,166.0,275.0,2021-08-31 00:17:18,False,,treadmill_running
7376342783,2021-08-26 18:12:37,treadmill_running,0.5202132627083347,10.101216634114584,10.101216634114584,182.0,128.640625,178.0,1472.0,1630023157000,64.42840786646079,,178.0,1,,,606.072998046875,,,0.0,66.0,251.0,97.0,192.0,2021-08-27 00:22:43,False,,treadmill_running
7040719382,2021-06-29 06:56:18,treadmill_running,0.4054705519202554,10.665883382161459,10.678749593098958,142.0,157.4375,166.0,1696.0,1624971378000,38.859938435722526,,166.0,1,,,639.9530029296875,,,16.0,462.0,143.0,0.0,0.0,2021-06-29 13:06:58,False,,treadmill_running
7009168188,2021-06-23 12:01:23,running,1.9910087122283049,23.823417154947915,23.823417154947915,183.0,154.203125,190.0,3684.0,1624471283000,87.10796857993098,1417.5899658203125,190.0,2,40.26249786838889,-111.7053390853107,621.2130126953125,,,26.0,49.0,225.0,202.0,906.0,2021-06-23 18:25:12,False,,running
6981199156,2021-06-18 12:07:14,running,1.9394036761090727,24.098933919270834,24.098933919270834,189.0,154.375,186.0,3720.0,1624039634000,83.89294561066491,1417.664794921875,186.0,2,40.2630256768316,-111.70585256069899,710.7410278320312,,,22.0,85.0,314.0,111.0,914.0,2021-06-18 18:31:19,False,,running
6976022435,2021-06-17 12:09:41,running,1.8543253695517263,22.593599446614583,22.593599446614583,192.0,154.265625,169.0,3480.0,1623953381000,85.54582593562614,1409.4879150390625,169.0,2,40.26337847113609,-111.70623234473169,671.2470092773438,,,18.0,63.0,140.0,73.0,1063.0,2021-06-17 18:32:16,False,,running
6852608334,2021-05-27 12:04:25,running,1.9878149231109492,21.825266520182293,21.825266520182293,190.0,157.015625,192.0,3438.0,1622138665000,93.36737161296283,1417.7181396484375,192.0,2,40.26267472654581,-111.70539381913841,642.125,,,88.0,336.0,226.0,146.0,490.0,2021-05-27 18:26:14,False,,running
6841403357,2021-05-25 12:04:24,running,1.9801346893369332,22.038883463541666,22.195100911458333,194.0,154.84375,184.0,3418.0,1621965864000,93.39173998283906,1420.8406982421875,184.0,2,40.26279693469405,-111.70543698593974,617.4739990234375,,,8.0,71.0,267.0,96.0,859.0,2021-05-25 18:26:35,False,,running
6726662036,2021-05-05 06:33:19,treadmill_running,2.2883355667152374,20.3989501953125,20.3989501953125,191.0,158.4375,169.0,3232.0,1620217999000,113.95290749364845,,169.0,3,,,156.67599487304688,,,12.0,29.0,386.0,147.0,627.0,2021-05-05 12:53:42,False,,treadmill_running
6692664992,2021-04-29 06:21:56,treadmill_running,1.133147746975274,10.004099527994791,10.004099527994791,168.0,156.796875,167.0,1574.0,1619698916000,116.26607598099856,,167.0,2,,,69.55400085449219,,,46.0,212.0,233.0,74.0,0.0,2021-04-29 12:31:56,False,,treadmill_running
6651426243,2021-04-22 06:18:37,treadmill_running,1.1056954660955733,9.497166951497396,9.497166951497396,182.0,158.015625,169.0,1514.0,1619093917000,118.54626305974926,,169.0,2,,,49.90299987792969,,,39.0,38.0,117.0,267.0,90.0,2021-04-22 12:28:06,False,,treadmill_running
6639680395,2021-04-20 06:22:38,treadmill_running,2.5885705548353672,24.140382893880208,26.284415690104165,186.0,157.71875,169.0,3824.0,1618921358000,109.22803060874205,,169.0,3,,,385.78900146484375,,,27.0,120.0,388.0,321.0,569.0,2021-04-20 12:48:55,False,,treadmill_running
6579007528,2021-04-09 17:12:05,running,2.0996931146852127,19.005350748697918,19.019317626953125,187.0,156.84375,183.0,2988.0,1618009925000,113.14677654036771,1411.0,183.0,3,40.26435705833137,-111.70697623863816,37.46200180053711,,,12.0,62.0,447.0,456.0,139.0,2021-04-09 23:31:06,False,,running
6518224526,2021-03-30 06:22:54,treadmill_running,2.1727291387210754,20.051300048828125,20.051300048828125,186.0,159.65625,167.0,3202.0,1617106974000,109.22232632620307,,167.0,3,,,96.08699798583984,,,51.0,62.0,307.0,118.0,637.0,2021-03-30 12:42:57,False,,treadmill_running
6489217918,2021-03-25 06:23:20,treadmill_running,2.237401661696332,20.02348429361979,20.02348429361979,185.0,159.109375,167.0,3200.0,1616675000000,113.01797873168444,,167.0,3,,,121.68599700927734,,,19.0,297.0,216.0,136.0,516.0,2021-03-25 12:43:21,False,,treadmill_running
6472112143,2021-03-22 06:25:08,treadmill_running,2.2685821031447677,21.385799153645834,21.385799153645834,182.0,157.6875,171.0,3366.0,1616415908000,108.25229605602196,,171.0,3,,,141.64599609375,,,35.0,136.0,476.0,355.0,255.0,2021-03-22 12:46:31,False,,treadmill_running
6449725836,2021-03-18 06:21:25,treadmill_running,1.1196142305667618,10.135500081380208,10.135500081380208,171.0,157.984375,166.0,1606.0,1616070085000,112.52114023709727,,166.0,2,,,61.47700119018555,,,34.0,44.0,371.0,132.0,0.0,2021-03-18 12:31:33,False,,treadmill_running
6433404878,2021-03-15 06:26:01,treadmill_running,2.1895932797470548,20.604917399088542,20.604917399088542,181.0,158.15625,163.0,3270.0,1615811161000,108.12841393151177,,163.0,3,,,107.86299896240234,,,23.0,111.0,219.0,436.0,439.0,2021-03-15 12:46:37,False,,treadmill_running
6416862688,2021-03-12 06:23:37,treadmill_running,2.2101917252860646,20.614015706380208,20.614015706380208,185.0,158.453125,169.0,3266.0,1615555417000,108.90362386253753,,169.0,3,,,115.7979965209961,,,37.0,60.0,116.0,487.0,520.0,2021-03-12 13:44:13,False,,treadmill_running
6411929706,2021-03-11 06:50:34,treadmill_running,1.1037008838833,10.315766398111979,10.315766398111979,174.0,155.625,166.0,1620.0,1615470634000,110.63190063231954,,166.0,2,,,55.58300018310547,,,26.0,21.0,104.0,439.0,28.0,2021-03-11 14:00:52,False,,treadmill_running
6395213667,2021-03-08 06:25:38,treadmill_running,2.1991747988014496,20.75301717122396,20.75301717122396,185.0,158.828125,167.0,3316.0,1615209938000,107.35486925119082,,167.0,3,,,103.59100341796875,,,46.0,51.0,394.0,238.0,489.0,2021-03-08 13:46:23,False,,treadmill_running
6377582884,2021-03-05 06:20:41,treadmill_running,2.1216896488816843,21.484016927083335,24.251800537109375,187.0,155.140625,167.0,3348.0,1614950441000,102.387137396227,,167.0,3,,,65.93499755859375,,,98.0,95.0,258.0,216.0,593.0,2021-03-05 13:44:56,False,,treadmill_running
6366555719,2021-03-03 06:27:26,treadmill_running,0.560409866559234,5.860016886393229,5.904216512044271,160.0,150.734375,163.0,898.0,1614778046000,102.103917798489,,163.0,1,,,351.60101318359375,,,46.0,73.0,189.0,19.0,0.0,2021-03-03 13:33:20,False,,treadmill_running
6355228183,2021-03-01 06:52:47,treadmill_running,0.6209377681490355,6.361416625976562,6.3928166707356775,172.0,153.25,166.0,986.0,1614606767000,102.504176115765,,166.0,1,,,381.68499755859375,,,18.0,8.0,188.0,158.0,0.0,2021-03-01 13:59:10,False,,treadmill_running
6242598664,2021-02-08 17:38:11,treadmill_running,1.210005380214094,12.294099934895833,12.42511698404948,168.0,149.890625,163.0,1844.0,1612831091000,105.53480203504498,,163.0,2,,,128.43800354003906,,,37.0,81.0,383.0,192.0,0.0,2021-02-09 00:50:36,False,,treadmill_running
6173191603,2021-01-26 17:31:08,running,3.017659376767029,28.65425008138021,29.5565673828125,187.0,156.828125,163.0,4474.0,1611707468000,107.95802507903703,,163.0,4,,,11.454999923706055,,,0.0,0.0,269.0,185.0,1264.0,2021-01-27 01:00:41,False,,running
